"video","year","depth","habitat","treatment","genus_species","size_class","passing_time_sec","feeding_time_sec","investigating_time_sec","circling_time_sec","bout","bite","total_time_shark_present_frame","n_frame_total"
"ASH2_2","2004",15,"reef","absent","Lethrinus rubrioperculatus","<50",1,0,0,0,0,0,0,3
"ASH2_2","2004",15,"reef","absent","Lethrinus rubrioperculatus","<50",0.6,0,0,0,0,0,0,3
"ASH2_2","2004",15,"reef","absent","Lutjanus decussatus","<50",0.4,0,0,0,0,0,0,3
"ASH2_2","2004",15,"reef","absent","Lethrinus rubrioperculatus","<50",7,1.6,2.8,0,1,4,0,3
"ASH2_2","2004",15,"reef","absent","Lethrinus rubrioperculatus","<50",5,1.2,12.6,0,1,3,0,3
"ASH2_2","2004",15,"reef","absent","Lethrinus rubrioperculatus","<50",1.4,0,2.2,0,0,0,0,3
"ASH2_2","2004",15,"reef","absent","Lutjanus decussatus","<50",1.2,0,0,0,0,0,0,3
"ASH2_2","2004",15,"reef","absent","Lethrinus rubrioperculatus","<50",5,0,3.2,0,0,0,0,2
"ASH2_2","2004",15,"reef","absent","Lethrinus rubrioperculatus","<50",6.2,0,0,0,0,0,0,3
"ASH2_2","2004",15,"reef","absent","Lethrinus rubrioperculatus","<50",1.6,2,38,0,3,3,0,6
"ASH2_2","2004",15,"reef","absent","Lethrinus rubrioperculatus","<50",1.6,8.6,31.8,0,5,18,0,6
"ASH2_2","2004",15,"reef","absent","Lethrinus rubrioperculatus","<50",8.2,1,0,0,1,2,0,6
"ASH2_2","2004",15,"reef","absent","Lethrinus rubrioperculatus","<50",0,0,7.6,0,0,0,0,6
"ASH2_2","2004",15,"reef","absent","Lethrinus rubrioperculatus","<50",0,0,9.4,0,0,0,0,6
"ASH2_2","2004",15,"reef","absent","Lutjanus decussatus","<50",3.6,0,0,0,0,0,0,6
"ASH2_2","2004",15,"reef","absent","Lethrinus rubrioperculatus","<50",4.4,3,6.2,0,3,10,0,6
"ASH2_2","2004",15,"reef","absent","Lethrinus rubrioperculatus","<50",3,1.4,11.2,0,3,5,0,6
"ASH2_2","2004",15,"reef","absent","Lutjanus decussatus","<50",0,0,15.4,0,0,0,0,7
"ASH2_2","2004",15,"reef","absent","Lutjanus decussatus","<50",2.4,0,0,0,0,0,0,7
"ASH2_2","2004",15,"reef","absent","Lethrinus rubrioperculatus","<50",4.8,0,0,0,0,0,0,2
"ASH2_2","2004",15,"reef","absent","Lethrinus rubrioperculatus","<50",8.8,2.4,2,0,2,4,0,2
"ASH2_2","2004",15,"reef","absent","Lethrinus rubrioperculatus","<50",2,0,0,0,0,0,0,3
"ASH2_2","2004",15,"reef","absent","Lethrinus rubrioperculatus","<50",2.6,0,0,0,0,0,0,3
"ASH2_2","2004",15,"reef","absent","Lutjanus decussatus","<50",1.2,0,0,0,0,0,0,3
"ASH2_2","2004",15,"reef","absent","Lethrinus rubrioperculatus","<50",11.8,0,13.8,0,0,0,0,4
"ASH2_2","2004",15,"reef","absent","Lethrinus rubrioperculatus","<50",0,0,40.2,0,1,2,0,4
"ASH2_2","2004",15,"reef","absent","Lethrinus rubrioperculatus","<50",2,0,0,0,0,0,0,4
"ASH2_2","2004",15,"reef","absent","Lutjanus decussatus","<50",3,0,0,0,0,0,0,4
"ASH2_2","2004",15,"reef","absent","Lethrinus rubrioperculatus","<50",3.6,0,0,0,0,0,0,2
"ASH2_2","2004",15,"reef","absent","Lethrinus rubrioperculatus","<50",7.2,0,2.6,0,1,1,0,3
"ASH2_2","2004",15,"reef","absent","Lethrinus rubrioperculatus","<50",3.8,0,8.2,0,0,0,0,3
"ASH2_2","2004",15,"reef","absent","Lethrinus atkinsoni","<50",7.2,0.2,16.2,0,1,1,0,3
"ASH2_2","2004",15,"reef","absent","Lethrinus rubrioperculatus","<50",2.2,1,7.8,0,1,4,0,2
"ASH2_2","2004",15,"reef","absent","Lethrinus rubrioperculatus","<50",2.4,0,12.2,0,0,0,0,3
"ASH2_2","2004",15,"reef","absent","Lethrinus rubrioperculatus","<50",4,0,2.2,0,0,0,0,3
"ASH2_2","2004",15,"reef","absent","Lutjanus decussatus","<50",1.8,0,0,0,0,0,0,3
"ASH2_2","2004",15,"reef","absent","Lethrinus rubrioperculatus","<50",2,2.8,26.2,0,3,12,0,4
"ASH2_2","2004",15,"reef","absent","Lutjanus decussatus","<50",1.6,0,2,0,0,0,0,3
"ASH2_2","2004",15,"reef","absent","Lethrinus rubrioperculatus","<50",1.2,0,26.2,0,0,0,0,3
"ASH2_2","2004",15,"reef","absent","Lethrinus rubrioperculatus","<50",9.4,0.6,0,0,1,2,0,3
"ASH2_2","2004",15,"reef","absent","Lethrinus rubrioperculatus","<50",4,0,0,0,0,0,0,3
"ASH2_2","2004",15,"reef","absent","Lethrinus rubrioperculatus","<50",2.2,0.6,9,7.8,1,2,0,5
"ASH2_2","2004",15,"reef","absent","Lethrinus rubrioperculatus","<50",4.6,0.6,1.2,0,1,1,0,5
"ASH2_2","2004",15,"reef","absent","Lutjanus decussatus","<50",2.4,0,0,0,0,0,0,5
"ASH2_2","2004",15,"reef","absent","Lethrinus rubrioperculatus","<50",2.8,0,0,0,0,0,0,5
"ASH2_2","2004",15,"reef","absent","Lethrinus rubrioperculatus","<50",7.8,0,0,0,0,0,0,5
"ASH2_2","2004",15,"reef","absent","Lutjanus decussatus","<50",8,0,0,0,0,0,0,5
"ASH2_2","2004",15,"reef","absent","Lethrinus rubrioperculatus","<50",1.8,0,0,0,0,0,0,4
"ASH2_2","2004",15,"reef","absent","Lethrinus rubrioperculatus","<50",2,0.8,1.2,0,1,3,0,4
"ASH2_3","2004",13,"reef","absent","Lethrinus olivaceus","50-100",8.4,0,0,0,0,0,0,1
"ASH2_3","2004",13,"reef","absent","Aprion virescens",">100",9.4,0,0,0,0,0,0,2
"ASH2_3","2004",13,"reef","absent","Lethrinus rubrioperculatus","<50",5.6,0,3.4,0,0,0,0,2
"ASH2_3","2004",13,"reef","absent","Lethrinus rubrioperculatus","<50",5.8,0,0,0,0,0,0,1
"ASH2_3","2004",13,"reef","absent","Lethrinus rubrioperculatus","<50",6.8,0,0,0,0,0,0,1
"ASH2_3","2004",13,"reef","absent","Lethrinus rubrioperculatus","<50",2.8,0,0,0,0,0,0,1
"ASH2_3","2004",13,"reef","absent","Lethrinus olivaceus","50-100",15.6,0,0,0,0,0,0,1
"ASH2_3","2004",13,"reef","absent","Lethrinus rubrioperculatus","<50",9.4,0,0,6.4,0,0,0,1
"ASH2_3","2004",13,"reef","absent","Lethrinus rubrioperculatus","<50",7.4,0,0,0,0,0,0,1
"ASH2_3","2004",13,"reef","absent","Lethrinus rubrioperculatus","<50",15.8,0,0,0,0,0,0,1
"ASH2_3","2004",13,"reef","absent","Lethrinus rubrioperculatus","<50",3.6,0,6,0,0,0,0,2
"ASH2_3","2004",13,"reef","absent","Lethrinus rubrioperculatus","<50",4.8,0,0,0,0,0,0,2
"ASH2_3","2004",13,"reef","absent","Lethrinus rubrioperculatus","<50",3.8,0,0,0,0,0,0,2
"ASH2_3","2004",13,"reef","absent","Lethrinus rubrioperculatus","<50",3,0,0,0,0,0,0,2
"ASH2_3","2004",13,"reef","absent","Lethrinus rubrioperculatus","<50",1,0,8.2,0,0,0,0,2
"ASH2_3","2004",13,"reef","absent","Lethrinus rubrioperculatus","<50",6.8,0,0,0,0,0,0,2
"ASH2_4","2004",18,"reef","absent","Lethrinus rubrioperculatus","<50",5,0,0,0,0,0,0,4
"ASH2_4","2004",18,"reef","absent","Lethrinus rubrioperculatus","<50",0,4.8,17,0,1,7,0,9
"ASH2_4","2004",18,"reef","absent","Lethrinus rubrioperculatus","<50",0,0,5.2,0,0,0,0,4
"ASH2_4","2004",18,"reef","absent","Lethrinus rubrioperculatus","<50",4.4,0,2.6,0,0,0,0,4
"ASH2_4","2004",18,"reef","absent","Lethrinus rubrioperculatus","<50",3,7,33.4,0,3,8,0,9
"ASH2_4","2004",18,"reef","absent","Lethrinus rubrioperculatus","<50",4.2,6.4,6.8,0,4,8,0,11
"ASH2_4","2004",18,"reef","absent","Lethrinus rubrioperculatus","<50",6.4,11,29.4,0,5,15,0,11
"ASH2_4","2004",18,"reef","absent","Lethrinus rubrioperculatus","<50",4.4,3,2.6,0,1,3,0,11
"ASH2_4","2004",18,"reef","absent","Lethrinus rubrioperculatus","<50",7.2,0,0,0,0,0,0,11
"ASH2_4","2004",18,"reef","absent","Lethrinus rubrioperculatus","<50",20.4,0,0,0,0,0,0,11
"ASH2_4","2004",18,"reef","absent","Lethrinus rubrioperculatus","<50",3,1.8,3,0,1,3,0,9
"ASH2_4","2004",18,"reef","absent","Lethrinus rubrioperculatus","<50",1,0,5,0,0,0,0,5
"ASH2_4","2004",18,"reef","absent","Lethrinus rubrioperculatus","<50",3.2,0,0,0,0,0,0,4
"ASH2_4","2004",18,"reef","absent","Lethrinus rubrioperculatus","<50",5.2,0,0,0,0,0,0,3
"ASH2_4","2004",18,"reef","absent","Lethrinus rubrioperculatus","<50",1.4,0,9.4,0,0,0,0,5
"ASH2_4","2004",18,"reef","absent","Lethrinus rubrioperculatus","<50",4.6,0,0,0,0,0,0,5
"ASH2_4","2004",18,"reef","absent","Lethrinus rubrioperculatus","<50",6.6,0,0,0,0,0,0,4
"ASH2_4","2004",18,"reef","absent","Lethrinus rubrioperculatus","<50",9.4,0,0,0,0,0,0,4
"ASH2_4","2004",18,"reef","absent","Lethrinus rubrioperculatus","<50",9.8,2,2.4,0,2,3,0,5
"ASH2_4","2004",18,"reef","absent","Lethrinus rubrioperculatus","<50",1.4,0.2,2,0,1,1,0,5
"ASH2_4","2004",18,"reef","absent","Lethrinus rubrioperculatus","<50",4,0,3.4,0,0,0,0,5
"ASH2_4","2004",18,"reef","absent","Lethrinus rubrioperculatus","<50",3.4,5.2,20.6,0,6,19,0,6
"ASH2_4","2004",18,"reef","absent","Lethrinus rubrioperculatus","<50",4.2,0,0,0,0,0,0,4
"ASH2_4","2004",18,"reef","absent","Lethrinus rubrioperculatus","<50",6,0,3.8,0,0,0,0,6
"ASH2_4","2004",18,"reef","absent","Lethrinus rubrioperculatus","<50",1.2,3,11.8,0,0,0,0,8
"ASH2_4","2004",18,"reef","absent","Lethrinus rubrioperculatus","<50",4.8,0,0,0,0,0,0,7
"ASH2_4","2004",18,"reef","absent","Lethrinus rubrioperculatus","<50",2.8,0,3.4,0,0,0,0,9
"ASH2_4","2004",18,"reef","absent","Lethrinus rubrioperculatus","<50",0,0,4.8,0,0,0,0,9
"ASH2_4","2004",18,"reef","absent","Lethrinus rubrioperculatus","<50",3,0,0,0,0,0,0,10
"ASH2_4","2004",18,"reef","absent","Lethrinus rubrioperculatus","<50",3,0,0,0,0,0,0,10
"ASH2_4","2004",18,"reef","absent","Lethrinus rubrioperculatus","<50",6.6,1.6,0,0,1,3,0,10
"ASH2_4","2004",18,"reef","absent","Lethrinus rubrioperculatus","<50",2.6,0,5,0,0,0,0,10
"ASH2_4","2004",18,"reef","absent","Lethrinus rubrioperculatus","<50",2.2,3,5,0,2,5,0,6
"ASH2_4","2004",18,"reef","absent","Lethrinus rubrioperculatus","<50",3.6,4,18.8,0,4,9,0,6
"ASH2_4","2004",18,"reef","absent","Lethrinus rubrioperculatus","<50",6.4,5,33.4,0,3,10,0,6
"ASH2_4","2004",18,"reef","absent","Lethrinus rubrioperculatus","<50",1.6,0,0,0,0,0,0,6
"ASH2_4","2004",18,"reef","absent","Lethrinus rubrioperculatus","<50",2.2,1,1.8,0,0,0,0,6
"ASH2_4","2004",18,"reef","absent","Lethrinus rubrioperculatus","<50",9,1.2,2.8,0,1,1,0,8
"ASH2_4","2004",18,"reef","absent","Lethrinus rubrioperculatus","<50",0,3,7.2,0,1,3,0,8
"ASH2_4","2004",18,"reef","absent","Lethrinus rubrioperculatus","<50",2.4,0,9.2,0,0,0,0,10
"ASH2_4","2004",18,"reef","absent","Lethrinus rubrioperculatus","<50",0,1.8,27.2,0,4,5,0,7
"ASH2_4","2004",18,"reef","absent","Lethrinus rubrioperculatus","<50",0,0,10,0,0,0,0,7
"ASH2_4","2004",18,"reef","absent","Lethrinus rubrioperculatus","<50",1.2,0,1.4,0,0,0,0,7
"ASH2_4","2004",18,"reef","absent","Lethrinus rubrioperculatus","<50",2.6,3.6,20,0,4,9,0,8
"ASH2_4","2004",18,"reef","absent","Lethrinus rubrioperculatus","<50",8,0,9.8,0,0,0,0,8
"ASH2_4","2004",18,"reef","absent","Lethrinus rubrioperculatus","<50",0,0,2.4,0,0,0,0,8
"ASH2_4","2004",18,"reef","absent","Lethrinus rubrioperculatus","<50",2.8,0,2.6,0,0,0,0,8
"ASH2_4","2004",18,"reef","absent","Lethrinus rubrioperculatus","<50",3.2,0,1.4,0,0,0,0,8
"ASH2_4","2004",18,"reef","absent","Lethrinus rubrioperculatus","<50",2,0,1.8,0,0,0,0,8
"ASH1_3","2004",24,"near reef","absent","Lethrinus olivaceus","50-100",12.6,0,0,0,0,0,0,3
"ASH1_3","2004",24,"near reef","absent","Lethrinus olivaceus","50-100",13.6,0,0,0,0,0,0,3
"ASH1_3","2004",24,"near reef","absent","Lethrinus olivaceus","50-100",11.6,0,0,0,0,0,0,2
"ASH1_3","2004",24,"near reef","absent","Lethrinus rubrioperculatus","<50",7.4,0,0,0,0,0,0,2
"ASH1_3","2004",24,"near reef","absent","Lethrinus olivaceus","50-100",15.8,0,0,0,0,0,0,1
"ASH1_3","2004",24,"near reef","absent","Lethrinus rubrioperculatus","<50",9.8,0,0,0,0,0,0,1
"ASH1_3","2004",24,"near reef","absent","Lethrinus rubrioperculatus","<50",5,0,0,0,0,0,0,1
"ASH1_3","2004",24,"near reef","absent","Lethrinus rubrioperculatus","<50",13.6,0,0,0,0,0,0,1
"ASH1_3","2004",24,"near reef","absent","Lethrinus rubrioperculatus","<50",6.2,0,5,0,0,0,0,1
"ASH1_3","2004",24,"near reef","absent","Lethrinus rubrioperculatus","<50",6,0,0,0,0,0,0,1
"ASH1_3","2004",24,"near reef","absent","Lethrinus rubrioperculatus","<50",5.2,0,0,0,0,0,0,1
"ASH1_3","2004",24,"near reef","absent","Lethrinus rubrioperculatus","<50",11.2,0,0,0,0,0,0,1
"ASH1_3","2004",24,"near reef","absent","Lethrinus rubrioperculatus","<50",3,0,0,0,0,0,0,2
"ASH1_3","2004",24,"near reef","absent","Lethrinus olivaceus","50-100",3,0,0,0,0,0,0,2
"ASH1_3","2004",24,"near reef","absent","Lethrinus olivaceus","50-100",6,0,0,0,0,0,0,2
"ASH1_3","2004",24,"near reef","absent","Lethrinus olivaceus","50-100",4.4,0,0,0,0,0,0,2
"ASH1_3","2004",24,"near reef","absent","Lethrinus olivaceus","50-100",5.4,0,0,0,0,0,0,1
"ASH1_3","2004",24,"near reef","absent","Lethrinus olivaceus","50-100",7,0,0,0,0,0,0,3
"ASH1_3","2004",24,"near reef","absent","Lethrinus rubrioperculatus","<50",19,0,0,0,0,0,0,3
"ASH1_3","2004",24,"near reef","absent","Lethrinus olivaceus","50-100",9,0,0,0,0,0,0,3
"ASH1_3","2004",24,"near reef","absent","Lethrinus olivaceus","50-100",5.4,0,0,0,0,0,0,3
"ASH1_3","2004",24,"near reef","absent","Lethrinus olivaceus","50-100",5,0,0,0,0,0,0,1
"ASH1_3","2004",24,"near reef","absent","Lethrinus olivaceus","50-100",7.6,0,0,0,0,0,0,1
"ASH4_1","2004",28,"near reef","absent","Carangoides ferdau","50-100",3.2,0,0,0,0,0,0,3
"ASH4_1","2004",28,"near reef","absent","Carangoides ferdau","50-100",4.6,0,0,0,0,0,0,3
"ASH4_1","2004",28,"near reef","absent","Carangoides ferdau","50-100",3.8,0,0,0,0,0,0,3
"ASH4_1","2004",28,"near reef","absent","Carangoides ferdau","50-100",5,0,0,0,0,0,0,4
"ASH4_1","2004",28,"near reef","absent","Carangoides ferdau","50-100",4.6,0,0,0,0,0,0,4
"ASH4_1","2004",28,"near reef","absent","Carangoides ferdau","50-100",4.6,0,0,0,0,0,0,4
"ASH4_1","2004",28,"near reef","absent","Carangoides ferdau","50-100",4,0,0,0,0,0,0,4
"ASH5_5","2004",23,"reef","absent","Lutjanus decussatus","<50",9.8,0,0,9,0,0,0,9
"ASH5_5","2004",23,"reef","absent","Lethrinus semicinctus","<50",5.6,0,7.2,0,0,0,0,9
"ASH5_5","2004",23,"reef","absent","Lutjanus decussatus","<50",6.2,0,0,0,0,0,0,8
"ASH5_5","2004",23,"reef","absent","Lethrinus semicinctus","<50",6.6,0,0,0,0,0,0,8
"ASH5_5","2004",23,"reef","absent","Lethrinus semicinctus","<50",6.4,0,0,0,0,0,0,8
"ASH5_5","2004",23,"reef","absent","Lethrinus semicinctus","<50",4.8,1.4,6.2,0,2,2,0,6
"ASH5_5","2004",23,"reef","absent","Lethrinus semicinctus","<50",5.8,0,2.8,0,0,0,0,5
"ASH5_5","2004",23,"reef","absent","Lethrinus semicinctus","<50",2.4,1,8.4,0,1,2,0,6
"ASH5_5","2004",23,"reef","absent","Lethrinus semicinctus","<50",7.8,0.8,0,0,1,2,0,6
"ASH5_5","2004",23,"reef","absent","Lethrinus semicinctus","<50",3,0,3.2,0,0,0,0,6
"ASH1_4","2004",31,"reef","absent","Lethrinus sp","<50",1.8,0,0,0,0,0,0,1
"ASH1_4","2004",31,"reef","absent","Lethrinus sp","<50",2.4,0,2,0,0,0,0,1
"ASH1_4","2004",31,"reef","absent","Lutjanus decussatus","<50",11,0,0,0,0,0,0,1
"ASH1_4","2004",31,"reef","absent","Lutjanus decussatus","<50",14.2,0,0,0,0,0,0,1
"ASH1_4","2004",31,"reef","absent","Lutjanus decussatus","<50",3.6,0,0,0,0,0,0,1
"ASH1_4","2004",31,"reef","absent","Lutjanus decussatus","<50",6.6,0,0,0,0,0,0,1
"ASH1_4","2004",31,"reef","absent","Lutjanus decussatus","<50",11.8,0,0,0,0,0,0,1
"ASH1_4","2004",31,"reef","absent","Lethrinus sp","<50",13.8,0,0,0,0,0,0,4
"ASH1_4","2004",31,"reef","absent","Lutjanus decussatus","<50",9.2,0,0,0,0,0,0,4
"ASH1_4","2004",31,"reef","absent","Lutjanus decussatus","<50",4.4,0,0,0,0,0,0,1
"ASH1_4","2004",31,"reef","absent","Lutjanus decussatus","<50",3,0,0,0,0,0,0,1
"ASH1_4","2004",31,"reef","absent","Variola albimarginata","<50",3.2,0,3.4,0,0,0,0,4
"ASH1_4","2004",31,"reef","absent","Variola albimarginata","<50",2.6,0,16.6,0,0,0,0,4
"ASH1_4","2004",31,"reef","absent","Variola albimarginata","<50",1,0,14.2,0,0,0,0,4
"ASH1_4","2004",31,"reef","absent","Variola albimarginata","<50",3,0,0,0,0,0,0,4
"ASH1_4","2004",31,"reef","absent","Variola albimarginata","<50",1.2,0,3,0,0,0,0,3
"ASH1_4","2004",31,"reef","absent","Variola albimarginata","<50",1,0,1.2,0,0,0,0,3
"ASH7_5","2004",43,"near reef","absent","Lethrinus sp","<50",1.2,0,0,0,0,0,0,2
"ASH7_5","2004",43,"near reef","absent","Lethrinus sp","<50",26.4,0,0,0,0,0,0,2
"ASH7_5","2004",43,"near reef","absent","Lethrinus sp","<50",21.2,0,0,0,0,0,0,1
"ASH7_5","2004",43,"near reef","absent","Lethrinus rubrioperculatus","<50",3,0,0,0,0,0,0,1
"ASH7_5","2004",43,"near reef","absent","Lethrinus rubrioperculatus","<50",1.2,0,0,0,0,0,0,1
"ASH7_5","2004",43,"near reef","absent","Lethrinus rubrioperculatus","<50",5.6,4.6,13,0,4,10,0,3
"ASH7_5","2004",43,"near reef","absent","Lethrinus rubrioperculatus","<50",2.2,2.6,4.2,0,1,4,0,3
"ASH7_5","2004",43,"near reef","absent","Lethrinus rubrioperculatus","<50",2.8,1.6,0.6,0,2,5,0,3
"ASH7_5","2004",43,"near reef","absent","Aprion virescens",">100",3.2,0,0,0,0,0,0,1
"ASH7_5","2004",43,"near reef","absent","Aprion virescens",">100",1.8,0,0,0,0,0,0,1
"ASH5_1","2004",27,"near reef","absent","Gymnocranius grandoculis","50-100",7.2,4.6,66.2,0,2,7,0,2
"ASH5_1","2004",27,"near reef","absent","Lethrinus rubrioperculatus","<50",13.8,0,0,0,0,0,0,2
"ASH5_1","2004",27,"near reef","absent","Lethrinus rubrioperculatus","<50",20.2,0,0,0,0,0,0,2
"ASH5_1","2004",27,"near reef","absent","Gymnocranius grandoculis","50-100",15.2,4.2,87.2,0,4,6,0,4
"ASH5_1","2004",27,"near reef","absent","Gymnocranius grandoculis","50-100",16.4,0,39.6,0,0,0,0,4
"ASH5_1","2004",27,"near reef","absent","Gymnocranius grandoculis","50-100",4.6,0,0,0,0,0,0,4
"ASH5_1","2004",27,"near reef","absent","Lethrinus rubrioperculatus","<50",13.8,0,9,0,0,0,0,4
"ASH5_1","2004",27,"near reef","absent","Lethrinus rubrioperculatus","<50",12.6,0,0,0,0,0,0,3
"ASH5_1","2004",27,"near reef","absent","Lethrinus rubrioperculatus","<50",12,0,23.2,0,0,0,0,4
"ASH5_1","2004",27,"near reef","absent","Gymnocranius grandoculis","50-100",16.4,0,18.6,0,0,0,0,4
"ASH5_1","2004",27,"near reef","absent","Gymnocranius grandoculis","50-100",18.6,0,11.4,0,0,0,0,2
"ASH5_1","2004",27,"near reef","absent","Gymnocranius grandoculis","50-100",16,0,12.8,0,0,0,0,2
"ASH5_1","2004",27,"near reef","absent","Gymnocranius grandoculis","50-100",11.6,0,2.2,0,0,0,0,2
"ASH5_1","2004",27,"near reef","absent","Gymnocranius grandoculis","50-100",4.8,0,29.4,0,0,0,0,2
"ASH5_1","2004",27,"near reef","absent","Gymnocranius grandoculis","50-100",4.8,0,18.8,0,0,0,0,2
"ASH059","2016",30,"near reef","absent","Lethrinus rubrioperculatus","<50",11.8,0,0,0,0,0,0,6
"ASH059","2016",30,"near reef","absent","Lutjanus vitta","<50",17.2,0,1.2,0,0,0,0,6
"ASH059","2016",30,"near reef","absent","Lethrinus rubrioperculatus","<50",11.6,0,0,0,0,0,0,6
"ASH059","2016",30,"near reef","absent","Lethrinus rubrioperculatus","<50",7.4,0,0,0,0,0,0,3
"ASH059","2016",30,"near reef","absent","Lutjanus vitta","<50",1,0,0,0,0,0,0,1
"ASH059","2016",30,"near reef","absent","Lutjanus vitta","<50",25.2,0,0,0,0,0,0,1
"ASH059","2016",30,"near reef","absent","Gymnocranius grandoculis","50-100",8,0,0,0,0,0,0,1
"ASH059","2016",30,"near reef","absent","Gymnocranius grandoculis","50-100",6,0,0,0,0,0,0,3
"ASH059","2016",30,"near reef","absent","Gymnocranius grandoculis","50-100",5.8,0,0,0,0,0,0,3
"ASH059","2016",30,"near reef","absent","Lutjanus vitta","<50",3.6,0,15,0,0,0,0,3
"ASH059","2016",30,"near reef","absent","Gymnocranius grandoculis","50-100",11,0,0,0,0,0,0,3
"ASH059","2016",30,"near reef","absent","Lutjanus vitta","<50",5.6,0,0,0,0,0,0,2
"ASH059","2016",30,"near reef","absent","Lethrinus rubrioperculatus","<50",14.8,0,0,0,0,0,0,6
"ASH059","2016",30,"near reef","absent","Lethrinus rubrioperculatus","<50",14.8,0,0,0,0,0,0,6
"ASH059","2016",30,"near reef","absent","Lethrinus rubrioperculatus","<50",25.6,0,0,0,0,0,0,6
"ASH059","2016",30,"near reef","absent","Lethrinus rubrioperculatus","<50",24.2,0,0,0,0,0,0,6
"ASH059","2016",30,"near reef","absent","Lethrinus rubrioperculatus","<50",9.2,0,0,0,0,0,0,6
"ASH059","2016",30,"near reef","absent","Gymnocranius grandoculis","50-100",13.9,0,0,0,0,0,0,6
"ASH059","2016",30,"near reef","absent","Lethrinus rubrioperculatus","<50",12.08,0,0,0,0,0,0,1
"ASH059","2016",30,"near reef","absent","Gymnocranius grandoculis","50-100",6.93,0,0,0,0,0,0,2
"ASH059","2016",30,"near reef","absent","Lethrinus rubrioperculatus","<50",3.764,0,0,0,0,0,0,2
"ASH059","2016",30,"near reef","absent","Lethrinus rubrioperculatus","<50",8,0,0,0,0,0,0,2
"ASH059","2016",30,"near reef","absent","Gymnocranius grandoculis","50-100",11.2,0,0,0,0,0,0,2
"ASH059","2016",30,"near reef","absent","Lethrinus rubrioperculatus","<50",2.4,0,0,0,0,0,0,2
"ASH059","2016",30,"near reef","absent","Lethrinus rubrioperculatus","<50",3.6,0,0,0,0,0,0,2
"ASH059","2016",30,"near reef","absent","Gymnocranius grandoculis","50-100",12.8,0,0,0,0,0,0,2
"ASH059","2016",30,"near reef","absent","Lethrinus rubrioperculatus","<50",8.2,0,0,0,0,0,0,1
"ASH059","2016",30,"near reef","absent","Lethrinus rubrioperculatus","<50",9.4,0,0,0,0,0,0,1
"ASH059","2016",30,"near reef","absent","Lethrinus rubrioperculatus","<50",5.8,0,0,0,0,0,0,1
"ASH059","2016",30,"near reef","absent","Lethrinus rubrioperculatus","<50",5.6,0,0,0,0,0,0,1
"ASH059","2016",30,"near reef","absent","Gymnocranius grandoculis","50-100",8.6,0,0,0,0,0,0,5
"ASH059","2016",30,"near reef","absent","Gymnocranius grandoculis","50-100",3.4,0,0,0,0,0,0,5
"ASH059","2016",30,"near reef","absent","Lethrinus rubrioperculatus","<50",4.2,0,0,0,0,0,0,5
"ASH059","2016",30,"near reef","absent","Lethrinus rubrioperculatus","<50",3.8,0,0,0,0,0,0,5
"ASH059","2016",30,"near reef","absent","Lethrinus rubrioperculatus","<50",1.6,0,0,0,0,0,0,5
"ASH055","2016",25,"near reef","absent","Carangoides orthogrammus","50-100",4,0,0,15.2,0,0,0,2
"ASH055","2016",25,"near reef","absent","Carangoides orthogrammus","50-100",2.2,0,0,0,0,0,0,2
"ASH055","2016",25,"near reef","absent","Lethrinus semicinctus","<50",17,7,0,0,9,9,0,12
"ASH055","2016",25,"near reef","absent","Lethrinus semicinctus","<50",1,2.8,14.8,0,0,0,0,12
"ASH055","2016",25,"near reef","absent","Lethrinus semicinctus","<50",1.4,0,1.8,0,0,0,0,7
"ASH055","2016",25,"near reef","absent","Lethrinus semicinctus","<50",1.2,2,41,0,0,0,0,21
"ASH055","2016",25,"near reef","absent","Lethrinus semicinctus","<50",1.2,0,1.4,0,0,0,0,7
"ASH055","2016",25,"near reef","absent","Lethrinus semicinctus","<50",3.4,0,1.2,0,0,0,0,7
"ASH055","2016",25,"near reef","absent","Lethrinus semicinctus","<50",2,1.4,23.4,0,0,0,0,22
"ASH055","2016",25,"near reef","absent","Lethrinus semicinctus","<50",2,1.2,23.6,0,0,0,0,22
"ASH055","2016",25,"near reef","absent","Lethrinus semicinctus","<50",2,0,24.8,0,0,0,0,22
"ASH055","2016",25,"near reef","absent","Lethrinus semicinctus","<50",0,0,27.2,0,0,0,0,22
"ASH055","2016",25,"near reef","absent","Lethrinus semicinctus","<50",0,0,27.2,0,0,0,0,22
"ASH055","2016",25,"near reef","absent","Lethrinus semicinctus","<50",0,0,27.2,0,0,0,0,22
"ASH055","2016",25,"near reef","absent","Lethrinus semicinctus","<50",0,0,27.2,0,0,0,0,22
"ASH055","2016",25,"near reef","absent","Lethrinus semicinctus","<50",0,0,20.6,0,0,0,0,22
"ASH055","2016",25,"near reef","absent","Lethrinus semicinctus","<50",0,0,20.6,0,0,0,0,22
"ASH055","2016",25,"near reef","absent","Lethrinus semicinctus","<50",0,0,20.6,0,0,0,0,22
"ASH055","2016",25,"near reef","absent","Lethrinus semicinctus","<50",0,0,20.6,0,0,0,0,22
"ASH055","2016",25,"near reef","absent","Lethrinus semicinctus","<50",0,0,27.2,0,0,0,0,22
"ASH055","2016",25,"near reef","absent","Lethrinus semicinctus","<50",0,0,27.2,0,0,0,0,22
"ASH055","2016",25,"near reef","absent","Lethrinus semicinctus","<50",0,0,27.2,0,0,0,0,22
"ASH055","2016",25,"near reef","absent","Lethrinus semicinctus","<50",0,0,27.2,0,0,0,0,22
"ASH055","2016",25,"near reef","absent","Lethrinus rubrioperculatus","<50",8.4,4.8,13.4,0,4,10,0,22
"ASH055","2016",25,"near reef","absent","Lethrinus semicinctus","<50",0,1.6,19.7,0,1,1,0,22
"ASH055","2016",25,"near reef","absent","Lethrinus semicinctus","<50",0,1.8,21.4,0,0,0,0,22
"ASH055","2016",25,"near reef","absent","Lethrinus rubrioperculatus","<50",0,0,7.6,0,0,0,0,22
"ASH055","2016",25,"near reef","absent","Lethrinus semicinctus","<50",0,0,8.6,0,0,0,0,22
"ASH055","2016",25,"near reef","absent","Lethrinus semicinctus","<50",3,0,0,0,0,0,0,22
"ASH055","2016",25,"near reef","absent","Lethrinus rubrioperculatus","<50",0,0,7,0,0,0,0,22
"ASH055","2016",25,"near reef","absent","Lethrinus semicinctus","<50",0,0,20.8,0,0,0,0,22
"ASH055","2016",25,"near reef","absent","Lethrinus semicinctus","<50",1.4,0,0.6,0,0,0,0,22
"ASH055","2016",25,"near reef","absent","Lethrinus semicinctus","<50",13.6,0,0,0,0,0,0,22
"ASH055","2016",25,"near reef","absent","Lethrinus semicinctus","<50",2,0,11,0,0,0,0,22
"ASH055","2016",25,"near reef","absent","Lethrinus semicinctus","<50",1.8,2,10.6,0,0,0,0,22
"ASH055","2016",25,"near reef","absent","Lethrinus semicinctus","<50",1.4,0,17.8,0,0,0,0,13
"ASH055","2016",25,"near reef","absent","Lethrinus semicinctus","<50",4.8,0,0,0,0,0,0,13
"ASH055","2016",25,"near reef","absent","Lethrinus semicinctus","<50",3.2,0,0,0,0,0,0,13
"ASH055","2016",25,"near reef","absent","Lethrinus semicinctus","<50",6,0,0,0,0,0,0,13
"ASH055","2016",25,"near reef","absent","Lethrinus semicinctus","<50",5.2,0,0,0,0,0,0,13
"ASH055","2016",25,"near reef","absent","Lethrinus semicinctus","<50",1.4,0,2,0,0,0,0,13
"ASH055","2016",25,"near reef","absent","Lethrinus rubrioperculatus","<50",15,0,0,10.4,0,0,0,13
"ASH055","2016",25,"near reef","absent","Lethrinus semicinctus","<50",1.8,0,2.2,0,0,0,0,13
"ASH055","2016",25,"near reef","absent","Lethrinus semicinctus","<50",2.2,0,1.8,0,0,0,0,13
"ASH055","2016",25,"near reef","absent","Lethrinus rubrioperculatus","<50",4.6,0,0,0,0,0,0,13
"ASH055","2016",25,"near reef","absent","Lethrinus semicinctus","<50",3.2,0.8,21,0,0,0,0,13
"ASH055","2016",25,"near reef","absent","Lethrinus semicinctus","<50",3.4,0,0,0,0,0,0,13
"ASH055","2016",25,"near reef","absent","Lethrinus semicinctus","<50",15.8,4.8,0,0,1,1,0,13
"ASH055","2016",25,"near reef","absent","Lethrinus semicinctus","<50",2.4,0,3.2,0,0,0,0,13
"ASH055","2016",25,"near reef","absent","Lethrinus semicinctus","<50",11.6,3.6,0,0,1,2,0,10
"ASH055","2016",25,"near reef","absent","Lethrinus semicinctus","<50",10.6,0,1.8,0,0,0,0,10
"ASH055","2016",25,"near reef","absent","Lethrinus semicinctus","<50",2.4,0,9.4,0,0,0,0,12
"ASH025","2016",5.3,"reef","absent","Lutjanus bohar","50-100",8.6,0,0,0,0,0,0,1
"ASH025","2016",5.3,"reef","absent","Lutjanus bohar","50-100",1.8,0,0,0,0,0,0,1
"ASH068","2016",27,"near reef","absent","Aprion virescens",">100",12.2,0,5,0,0,0,0,2
"ASH068","2016",27,"near reef","absent","Lethrinus olivaceus","50-100",8.8,0,1.2,0,0,0,0,2
"ASH068","2016",27,"near reef","absent","Aprion virescens",">100",9.8,0,0,0,0,0,0,2
"ASH068","2016",27,"near reef","absent","Carangoides orthogrammus","50-100",4,0,0,0,0,0,0,3
"ASH068","2016",27,"near reef","absent","Lethrinus olivaceus","50-100",13,0,16.8,0,0,0,0,3
"ASH068","2016",27,"near reef","absent","Aprion virescens",">100",9,0,0,0,0,0,0,3
"ASH068","2016",27,"near reef","absent","Lethrinus olivaceus","50-100",5.4,0,0,0,0,0,0,3
"ASH068","2016",27,"near reef","absent","Lethrinus olivaceus","50-100",8.4,0,0,0,0,0,0,1
"ASH068","2016",27,"near reef","absent","Caranx melampygus",">100",6.6,0,0,0,0,0,0,1
"ASH068","2016",27,"near reef","absent","Lethrinus olivaceus","50-100",34.6,0,10.8,0,0,0,0,2
"ASH068","2016",27,"near reef","absent","Carangoides orthogrammus","50-100",15.8,0,0,2.4,0,0,0,2
"ASH068","2016",27,"near reef","absent","Lethrinus olivaceus","50-100",4.8,0,0,0,0,0,0,1
"ASH108","2016",27,"near reef","absent","Gymnocranius grandoculis","50-100",9.6,0,12,0,0,0,0,2
"ASH108","2016",27,"near reef","absent","Lethrinus microdon","50-100",5.4,0,0,0,0,0,0,2
"ASH108","2016",27,"near reef","absent","Gymnocranius grandoculis","50-100",3.2,0,0,0,0,0,0,2
"ASH108","2016",27,"near reef","absent","Lethrinus rubrioperculatus","<50",14.4,0.4,0,0,1,1,0,2
"ASH108","2016",27,"near reef","absent","Lethrinus microdon","50-100",4.2,0,0,0,0,0,0,1
"ASH108","2016",27,"near reef","absent","Lethrinus microdon","50-100",4.4,0,0,0,0,0,0,1
"ASH108","2016",27,"near reef","absent","Lethrinus microdon","50-100",6.4,0,0,0,0,0,0,1
"ASH108","2016",27,"near reef","absent","Lethrinus microdon","50-100",6.8,0,0,0,0,0,0,2
"ASH108","2016",27,"near reef","absent","Gymnocranius grandoculis","50-100",4.6,0,11.4,0,0,0,0,2
"ASH108","2016",27,"near reef","absent","Lethrinus microdon","50-100",6.6,0,0,0,0,0,0,2
"ASH108","2016",27,"near reef","absent","Lethrinus microdon","50-100",10.4,0,0,0,0,0,0,2
"ASH108","2016",27,"near reef","absent","Gymnocranius grandoculis","50-100",3.2,0,5.4,0,0,0,0,2
"ASH108","2016",27,"near reef","absent","Lethrinus microdon","50-100",7.8,0,0,0,0,0,0,4
"ASH108","2016",27,"near reef","absent","Lethrinus microdon","50-100",7.8,0,0,0,0,0,0,4
"ASH108","2016",27,"near reef","absent","Lethrinus microdon","50-100",16.4,0,0,0,0,0,0,4
"ASH108","2016",27,"near reef","absent","Lethrinus microdon","50-100",12.4,0,3.6,0,0,0,0,4
"ASH108","2016",27,"near reef","absent","Lethrinus microdon","50-100",6.4,0,0,0,0,0,0,1
"ASH108","2016",27,"near reef","absent","Lethrinus microdon","50-100",8,0,0,0,0,0,0,1
"ASH108","2016",27,"near reef","absent","Lethrinus microdon","50-100",12.4,0,0,0,0,0,0,2
"ASH108","2016",27,"near reef","absent","Lethrinus microdon","50-100",7,0,0,0,0,0,0,2
"ASH105","2016",32.6,"near reef","absent","Lutjanus vitta","<50",0,3.4,197.2,0,17,17,0,9
"ASH105","2016",32.6,"near reef","absent","Lutjanus vitta","<50",0,8.6,291.4,0,43,43,0,9
"ASH105","2016",32.6,"near reef","absent","Lutjanus vitta","<50",7.4,0,0,0,0,0,0,9
"ASH105","2016",32.6,"near reef","absent","Lutjanus vitta","<50",295.6,4.4,0,0,22,22,0,9
"ASH105","2016",32.6,"near reef","absent","Lutjanus vitta","<50",0,3.2,276,0,16,16,0,9
"ASH105","2016",32.6,"near reef","absent","Lutjanus vitta","<50",0,2,271.8,0,20,20,0,9
"ASH105","2016",32.6,"near reef","absent","Lutjanus vitta","<50",3,0,18.4,0,0,0,0,9
"ASH105","2016",32.6,"near reef","absent","Lutjanus vitta","<50",0,6,337.6,0,30,30,0,9
"ASH105","2016",32.6,"near reef","absent","Lutjanus vitta","<50",0,5,295,0,25,25,0,9
"ASH035","2016",4,"reef","absent","Lutjanus decussatus","<50",1,0,0,0,0,0,0,2
"ASH035","2016",4,"reef","absent","Caranx melampygus",">100",4.4,0.4,0,17.2,1,1,0,4
"ASH035","2016",4,"reef","absent","Lutjanus decussatus","<50",8.8,0,0,0,0,0,0,3
"ASH035","2016",4,"reef","absent","Lutjanus bohar","50-100",6.4,0,0,0,0,0,0,3
"ASH035","2016",4,"reef","absent","Lutjanus decussatus","<50",6,0,0,0,0,0,0,4
"ASH035","2016",4,"reef","absent","Lutjanus decussatus","<50",6,0,0,0,0,0,0,4
"ASH035","2016",4,"reef","absent","Lutjanus decussatus","<50",3.6,0,0,0,0,0,0,4
"ASH035","2016",4,"reef","absent","Lutjanus decussatus","<50",4.6,0,0,7.8,0,0,0,4
"ASH035","2016",4,"reef","absent","Lutjanus decussatus","<50",2.6,0,0,2,0,0,0,4
"ASH035","2016",4,"reef","absent","Caranx melampygus",">100",6.4,0.6,0,7.6,0,0,0,4
"ASH035","2016",4,"reef","absent","Lutjanus decussatus","<50",5,0,0,0,0,0,0,4
"ASH035","2016",4,"reef","absent","Lutjanus bohar","50-100",11.2,0,0,10.6,0,0,0,4
"ASH035","2016",4,"reef","absent","Lutjanus decussatus","<50",10.4,0,2.2,7.8,0,0,0,4
"ASH035","2016",4,"reef","absent","Lutjanus decussatus","<50",5.4,0,0,0,0,0,0,4
"ASH035","2016",4,"reef","absent","Lutjanus decussatus","<50",10.2,0,0,0,0,0,0,3
"ASH035","2016",4,"reef","absent","Lutjanus decussatus","<50",13.6,0,0,0,0,0,0,3
"ASH035","2016",4,"reef","absent","Caranx melampygus",">100",6.2,0.4,0,8.6,1,1,0,3
"ASH035","2016",4,"reef","absent","Lutjanus decussatus","<50",5,0,0,0,0,0,0,3
"ASH035","2016",4,"reef","absent","Lutjanus decussatus","<50",3.4,0,0,0,0,0,0,2
"ASH035","2016",4,"reef","absent","Caranx melampygus",">100",12,1.2,0,0,1,4,0,4
"ASH035","2016",4,"reef","absent","Lutjanus decussatus","<50",7,0,0,9.4,0,0,0,4
"ASH035","2016",4,"reef","absent","Lutjanus decussatus","<50",4.8,0,0,0,0,0,0,4
"ASH035","2016",4,"reef","absent","Lutjanus decussatus","<50",1.6,0,0,8.6,0,0,0,4
"ASH035","2016",4,"reef","absent","Lutjanus bohar","50-100",5.8,0,0,0,0,0,0,4
"ASH035","2016",4,"reef","absent","Caranx melampygus",">100",3.2,0,0,0,0,0,0,3
"ASH035","2016",4,"reef","absent","Lutjanus decussatus","<50",11.8,0,0,0,0,0,0,3
"ASH035","2016",4,"reef","absent","Lutjanus decussatus","<50",1.2,0,0,11.6,0,0,0,3
"ASH035","2016",4,"reef","absent","Lutjanus bohar","50-100",3.8,0,0,0,0,0,0,3
"ASH035","2016",4,"reef","absent","Lutjanus bohar","50-100",11.4,0,0,6.4,0,0,0,5
"ASH035","2016",4,"reef","absent","Caranx melampygus",">100",10.2,0,0,0,0,0,0,5
"ASH035","2016",4,"reef","absent","Lutjanus decussatus","<50",8.6,0,0,0,0,0,0,5
"ASH035","2016",4,"reef","absent","Lutjanus decussatus","<50",5.4,0,0,0,0,0,0,5
"ASH035","2016",4,"reef","absent","Lutjanus decussatus","<50",6.6,0,0,0,0,0,0,5
"ASH035","2016",4,"reef","absent","Lutjanus bohar","50-100",4.4,0,0,0,0,0,0,5
"ASH035","2016",4,"reef","absent","Lutjanus decussatus","<50",8.4,0,0,0,0,0,0,5
"ASH035","2016",4,"reef","absent","Lutjanus decussatus","<50",3.4,0,0,32.6,0,0,0,5
"ASH035","2016",4,"reef","absent","Lutjanus decussatus","<50",7.8,0,0,0,0,0,0,5
"ASH035","2016",4,"reef","absent","Caranx melampygus",">100",10.6,0,0,0,0,0,0,5
"ASH035","2016",4,"reef","absent","Lutjanus decussatus","<50",1.6,0,0,14,0,0,0,5
"ASH035","2016",4,"reef","absent","Lutjanus decussatus","<50",14.4,0,0,0,0,0,0,4
"ASH035","2016",4,"reef","absent","Caranx melampygus",">100",8.2,0,0,0,0,0,0,5
"ASH035","2016",4,"reef","absent","Lutjanus decussatus","<50",12.8,0,1.4,0,0,0,0,5
"ASH035","2016",4,"reef","absent","Lutjanus decussatus","<50",8.2,0,0,16.4,0,0,0,5
"ASH035","2016",4,"reef","absent","Lutjanus bohar","50-100",13.6,0,0,0,0,0,0,5
"ASH035","2016",4,"reef","absent","Lutjanus decussatus","<50",4,0,0,6.2,0,0,0,5
"ASH035","2016",4,"reef","absent","Lutjanus decussatus","<50",14.8,0,0,0,0,0,0,5
"ASH035","2016",4,"reef","absent","Lutjanus decussatus","<50",5,0,0,0,0,0,0,3
"ASH035","2016",4,"reef","absent","Lutjanus bohar","50-100",5.2,0,0,0,0,0,0,3
"ASH035","2016",4,"reef","absent","Lutjanus decussatus","<50",9.2,0,0,0,0,0,0,3
"ASH035","2016",4,"reef","absent","Lutjanus decussatus","<50",6.8,0,0,0,0,0,0,3
"ASH035","2016",4,"reef","absent","Caranx melampygus",">100",6.8,0,0,0,0,0,0,3
"ASH035","2016",4,"reef","absent","Caranx melampygus",">100",6,0,0,0,0,0,0,1
"ASH035","2016",4,"reef","absent","Lutjanus decussatus","<50",13.2,0,0,0,0,0,0,2
"ASH035","2016",4,"reef","absent","Caranx melampygus",">100",1.2,0,0,0,0,0,0,2
"ASH035","2016",4,"reef","absent","Caranx melampygus",">100",12.4,0,0,0,0,0,0,2
"ASH035","2016",4,"reef","absent","Lutjanus decussatus","<50",6,0,0,0,0,0,0,2
"ASH035","2016",4,"reef","absent","Caranx melampygus",">100",4.6,0.2,0,0,1,1,0,2
"ASH035","2016",4,"reef","absent","Lutjanus decussatus","<50",7,0,0,0,0,0,0,2
"ASH035","2016",4,"reef","absent","Lutjanus decussatus","<50",10,0,0,0,0,0,0,2
"ASH035","2016",4,"reef","absent","Lutjanus bohar","50-100",8.4,0,0,0,0,0,0,3
"ASH035","2016",4,"reef","absent","Caranx melampygus",">100",2.4,0,0,0,0,0,0,3
"ASH035","2016",4,"reef","absent","Lutjanus decussatus","<50",8.2,0,0,0,0,0,0,3
"ASH035","2016",4,"reef","absent","Caranx melampygus",">100",8.4,0,0,0,0,0,0,3
"ASH035","2016",4,"reef","absent","Lutjanus decussatus","<50",3.8,0,0,0,0,0,0,3
"ASH035","2016",4,"reef","absent","Lutjanus decussatus","<50",16.4,0,0,0,0,0,0,5
"ASH035","2016",4,"reef","absent","Lutjanus decussatus","<50",4.6,0,0,0,0,0,0,5
"ASH035","2016",4,"reef","absent","Lutjanus decussatus","<50",14,0,0,0,0,0,0,5
"ASH035","2016",4,"reef","absent","Caranx melampygus",">100",14.4,0.4,0,0,0,0,0,5
"ASH035","2016",4,"reef","absent","Caranx melampygus",">100",13.6,0,0,0,0,0,0,5
"ASH035","2016",4,"reef","absent","Lutjanus decussatus","<50",14.6,0,0,0,0,0,0,4
"ASH035","2016",4,"reef","absent","Lutjanus decussatus","<50",6.4,0,0,0,0,0,0,4
"ASH035","2016",4,"reef","absent","Lutjanus decussatus","<50",1,0,0,0,0,0,0,2
"ASH035","2016",4,"reef","absent","Lutjanus decussatus","<50",10.4,0,0,0,0,0,0,3
"ASH035","2016",4,"reef","absent","Caranx melampygus",">100",2.4,0,0,0,0,0,0,3
"ASH035","2016",4,"reef","absent","Caranx melampygus",">100",2,0,0,0,0,0,0,3
"ASH035","2016",4,"reef","absent","Lutjanus decussatus","<50",11.2,0,0,0,0,0,0,3
"ASH035","2016",4,"reef","absent","Lutjanus decussatus","<50",8.6,0,0,0,0,0,0,3
"ASH035","2016",4,"reef","absent","Lutjanus decussatus","<50",5.4,0,0,0,0,0,0,3
"ASH035","2016",4,"reef","absent","Caranx melampygus",">100",4.4,0,0,0,0,0,0,2
"ASH035","2016",4,"reef","absent","Caranx melampygus",">100",1.4,0,0,0,0,0,0,2
"ASH040","2016",39.7,"near reef","absent","Caranx melampygus",">100",3.4,0,0,0,0,0,0,1
"ASH040","2016",39.7,"near reef","absent","Lethrinus amboinensis","50-100",30.3,0,0,0,0,0,0,1
"ASH040","2016",39.7,"near reef","absent","Aprion virescens",">100",10.8,0,0,0,0,0,0,1
"ASH040","2016",39.7,"near reef","absent","Lethrinus amboinensis","50-100",1.6,0,1.2,0,0,0,0,1
"ASH003","2016",20,"near reef","absent","Lethrinus amboinensis","50-100",3.8,0,0,0,0,0,0,1
"ASH003","2016",20,"near reef","absent","Lethrinus amboinensis","50-100",6.2,0,0,0,0,0,0,1
"ASH003","2016",20,"near reef","absent","Lethrinus amboinensis","50-100",4.6,0,3.6,0,0,0,0,1
"ASH003","2016",20,"near reef","absent","Lethrinus amboinensis","50-100",8.4,0,10,0,0,0,0,1
"ASH003","2016",20,"near reef","absent","Gymnocranius grandoculis","50-100",10,0,0,0,0,0,0,1
"ASH003","2016",20,"near reef","absent","Lethrinus amboinensis","50-100",3,0,0,0,0,0,0,1
"ASH003","2016",20,"near reef","absent","Lethrinus amboinensis","50-100",8.2,0,0,0,0,0,0,1
"ASH003","2016",20,"near reef","absent","Lethrinus amboinensis","50-100",1.6,0,6,0,0,0,0,1
"ASH052","2016",23,"near reef","absent","Gymnocranius grandoculis","50-100",0,0,4,0,0,0,0,2
"ASH052","2016",23,"near reef","absent","Lethrinus olivaceus","50-100",6.6,0,0,0,0,0,0,2
"ASH052","2016",23,"near reef","absent","Gymnocranius grandoculis","50-100",0,0,1.2,0,0,0,0,2
"ASH052","2016",23,"near reef","absent","Gymnocranius grandoculis","50-100",3.2,0.6,38.2,0,3,4,0,2
"ASH052","2016",23,"near reef","absent","Lethrinus olivaceus","50-100",8,0,0,0,0,0,0,2
"ASH052","2016",23,"near reef","absent","Lethrinus olivaceus","50-100",5.8,0,0,0,0,0,0,1
"ASH052","2016",23,"near reef","absent","Gymnocranius grandoculis","50-100",6.4,5.4,121.2,0,10,27,0,2
"ASH052","2016",23,"near reef","absent","Lethrinus olivaceus","50-100",5.8,0,0,0,0,0,0,2
"ASH052","2016",23,"near reef","absent","Lethrinus olivaceus","50-100",7.2,0,0,0,0,0,0,2
"ASH052","2016",23,"near reef","absent","Lethrinus olivaceus","50-100",12.2,0,0,0,0,0,0,2
"ASH052","2016",23,"near reef","absent","Lethrinus olivaceus","50-100",4.8,0,0,0,0,0,0,2
"ASH052","2016",23,"near reef","absent","Lethrinus olivaceus","50-100",7,0,0,0,0,0,0,2
"ASH052","2016",23,"near reef","absent","Lethrinus olivaceus","50-100",5,0,0,0,0,0,0,1
"ASH052","2016",23,"near reef","absent","Aprion virescens",">100",8.8,0,0,0,0,0,0,1
"ASH052","2016",23,"near reef","absent","Lethrinus olivaceus","50-100",5.2,0,0,0,0,0,0,1
"ASH2_5","2004",18,"reef","before","Lethrinus rubrioperculatus","<50",2,13,17.2,0,4,10,0,12
"ASH2_5","2004",18,"reef","before","Lethrinus rubrioperculatus","<50",2.8,9,18.2,0,5,10,0,12
"ASH2_5","2004",18,"reef","before","Lethrinus rubrioperculatus","<50",11,0.8,1.8,0,1,3,0,12
"ASH2_5","2004",18,"reef","before","Lethrinus rubrioperculatus","<50",0,7,54,0,9,15,0,12
"ASH2_5","2004",18,"reef","before","Lethrinus rubrioperculatus","<50",1.2,0,1.4,0,9,12,0,12
"ASH2_5","2004",18,"reef","before","Lethrinus rubrioperculatus","<50",3.4,1.4,26.4,0,2,2,0,12
"ASH2_5","2004",18,"reef","before","Lethrinus rubrioperculatus","<50",1,3,14.6,0,3,5,0,12
"ASH2_5","2004",18,"reef","before","Lethrinus rubrioperculatus","<50",4.6,2.6,24.9,0,1,2,0,12
"ASH2_5","2004",18,"reef","before","Lethrinus rubrioperculatus","<50",1.8,1.8,15.2,0,4,4,0,12
"ASH2_5","2004",18,"reef","before","Lethrinus rubrioperculatus","<50",1.4,0,20.6,0,0,0,0,12
"ASH2_5","2004",18,"reef","before","Lethrinus rubrioperculatus","<50",4.2,1.4,10,0,2,2,0,12
"ASH2_5","2004",18,"reef","before","Lethrinus rubrioperculatus","<50",3.4,0.8,7.4,0,2,2,0,12
"ASH2_5","2004",18,"reef","before","Lethrinus rubrioperculatus","<50",3.6,0,0,0,0,0,0,12
"ASH2_5","2004",18,"reef","before","Lethrinus rubrioperculatus","<50",5,0,0,0,0,0,0,12
"ASH2_5","2004",18,"reef","before","Lethrinus rubrioperculatus","<50",5,2,5.6,0,1,4,0,12
"ASH2_5","2004",18,"reef","before","Lethrinus rubrioperculatus","<50",5,2,5.6,0,1,3,0,12
"ASH2_5","2004",18,"reef","before","Lethrinus rubrioperculatus","<50",4.8,3.2,3.6,0,3,9,0,12
"ASH2_5","2004",18,"reef","before","Lethrinus rubrioperculatus","<50",2,0,4,0,0,0,0,12
"ASH2_5","2004",18,"reef","before","Lethrinus rubrioperculatus","<50",2.8,0,7.8,0,0,0,0,12
"ASH2_5","2004",18,"reef","before","Lethrinus rubrioperculatus","<50",3.6,0,0,0,0,0,0,12
"ASH2_5","2004",18,"reef","before","Lethrinus rubrioperculatus","<50",2.2,0,3.6,0,0,0,0,12
"ASH2_5","2004",18,"reef","before","Lethrinus rubrioperculatus","<50",9.6,1,3.2,0,0,0,0,12
"ASH2_5","2004",18,"reef","before","Lethrinus rubrioperculatus","<50",1.4,0,0,0,0,0,0,12
"ASH2_5","2004",18,"reef","before","Lethrinus rubrioperculatus","<50",0,0,2.6,0,0,0,0,12
"ASH2_5","2004",18,"reef","before","Lethrinus rubrioperculatus","<50",0,3.4,36.8,0,2,6,0,8
"ASH2_5","2004",18,"reef","before","Lethrinus rubrioperculatus","<50",3.6,0,0,0,0,0,0,8
"ASH2_5","2004",18,"reef","before","Lethrinus rubrioperculatus","<50",0,0,1.4,0,0,0,0,8
"ASH2_5","2004",18,"reef","before","Lethrinus rubrioperculatus","<50",0,0,1.6,0,0,0,0,8
"ASH2_5","2004",18,"reef","before","Lethrinus rubrioperculatus","<50",1.4,0,0,0,0,0,0,8
"ASH2_5","2004",18,"reef","before","Lethrinus rubrioperculatus","<50",4.4,0,0,0,0,0,0,8
"ASH2_5","2004",18,"reef","before","Lethrinus rubrioperculatus","<50",0,0,6.2,0,0,0,0,8
"ASH2_5","2004",18,"reef","before","Lethrinus rubrioperculatus","<50",0,5.4,20.4,0,1,5,0,12
"ASH2_5","2004",18,"reef","before","Lethrinus rubrioperculatus","<50",0,17,17,0,2,10,0,12
"ASH2_5","2004",18,"reef","before","Lethrinus rubrioperculatus","<50",2.6,2.6,8.2,0,1,2,0,12
"ASH2_5","2004",18,"reef","before","Lethrinus rubrioperculatus","<50",2,9,17.6,0,2,3,0,12
"ASH2_5","2004",18,"reef","before","Lethrinus rubrioperculatus","<50",3.2,0,0,8.6,0,0,0,12
"ASH2_5","2004",18,"reef","before","Lethrinus rubrioperculatus","<50",2.2,2.6,18,0,1,1,0,12
"ASH2_5","2004",18,"reef","before","Lethrinus rubrioperculatus","<50",1.2,0,0,0,0,0,0,8
"ASH2_5","2004",18,"reef","before","Lethrinus rubrioperculatus","<50",8.8,0.2,3.8,0,0,0,0,10
"ASH2_5","2004",18,"reef","before","Lethrinus rubrioperculatus","<50",8,0,4.2,0,0,0,0,11
"ASH2_5","2004",18,"reef","before","Lethrinus rubrioperculatus","<50",0.8,5.4,0,0,0,0,0,11
"ASH2_5","2004",18,"reef","before","Lethrinus rubrioperculatus","<50",0,0,14,0,0,0,0,11
"ASH2_5","2004",18,"reef","before","Lethrinus rubrioperculatus","<50",2,1,2.6,0,1,3,0,11
"ASH2_5","2004",18,"reef","before","Lethrinus rubrioperculatus","<50",5.8,0,0,0,0,0,0,11
"ASH2_5","2004",18,"reef","before","Lethrinus rubrioperculatus","<50",10,0,0,0,0,0,0,11
"ASH2_5","2004",18,"reef","before","Lethrinus rubrioperculatus","<50",2.4,0,3,0,0,0,0,11
"ASH2_5","2004",18,"reef","before","Lethrinus rubrioperculatus","<50",0,0,11,0,0,0,0,7
"ASH2_5","2004",18,"reef","before","Lethrinus rubrioperculatus","<50",0,1,26,0,3,3,0,7
"ASH2_5","2004",18,"reef","before","Lethrinus rubrioperculatus","<50",0,11.6,0,0,9,21,0,12
"ASH2_5","2004",18,"reef","before","Lethrinus rubrioperculatus","<50",0,0,22.8,0,0,0,0,12
"ASH2_5","2004",18,"reef","before","Lethrinus rubrioperculatus","<50",3,0.2,7,0,1,1,0,12
"ASH2_5","2004",18,"reef","before","Lethrinus rubrioperculatus","<50",3,1.2,7.4,0,2,2,0,7
"ASH2_5","2004",18,"reef","before","Lethrinus rubrioperculatus","<50",4.6,1.4,14,0,1,2,0,8
"ASH2_5","2004",18,"reef","before","Lethrinus rubrioperculatus","<50",0,0.6,34.8,0,1,2,0,12
"ASH2_5","2004",18,"reef","before","Lethrinus rubrioperculatus","<50",0,0,2.6,0,0,0,0,12
"ASH2_5","2004",18,"reef","before","Lethrinus rubrioperculatus","<50",0,3.4,12.8,0,2,10,0,12
"ASH2_5","2004",18,"reef","before","Lethrinus rubrioperculatus","<50",0,0,7,0,0,0,0,12
"ASH3_4","2004",19,"reef","before","Lethrinus rubrioperculatus","<50",5.8,0,0,0,0,0,0,1
"ASH3_4","2004",19,"reef","before","Cephalopholis urodeta","<50",9.6,0,0,0,0,0,0,1
"ASH3_4","2004",19,"reef","before","Lethrinus rubrioperculatus","<50",4.8,0,0,0,0,0,0,1
"ASH3_4","2004",19,"reef","before","Lethrinus atkinsoni","<50",3.8,0,0,0,0,0,0,2
"ASH3_4","2004",19,"reef","before","Lethrinus atkinsoni","<50",3.8,0,3.8,0,0,0,0,2
"ASH3_4","2004",19,"reef","before","Lethrinus rubrioperculatus","<50",4.2,0,3.6,0,0,0,0,1
"ASH3_4","2004",19,"reef","before","Lethrinus rubrioperculatus","<50",4.4,0,5.4,0,0,0,0,1
"ASH3_4","2004",19,"reef","before","Cephalopholis urodeta","<50",6.2,0,0,0,0,0,0,1
"ASH3_4","2004",19,"reef","before","Lethrinus rubrioperculatus","<50",6.2,0,0,0,0,0,0,1
"ASH3_4","2004",19,"reef","before","Cephalopholis urodeta","<50",7.2,0,76,0,0,0,0,3
"ASH3_4","2004",19,"reef","before","Lethrinus rubrioperculatus","<50",7,0,0,0,0,0,0,2
"ASH3_4","2004",19,"reef","before","Lutjanus bohar","50-100",3.4,0,0,0,0,0,0,2
"ASH3_4","2004",19,"reef","before","Lethrinus rubrioperculatus","<50",16,0,0,0,0,0,0,3
"ASH3_4","2004",19,"reef","before","Cephalopholis urodeta","<50",7,0,47.2,0,0,0,0,2
"ASH3_4","2004",19,"reef","before","Lethrinus atkinsoni","<50",3.2,0,0,0,0,0,0,2
"ASH3_1","2004",21,"reef","before","Lethrinus rubrioperculatus","<50",2.4,0,12.2,0,0,0,0,2
"ASH3_1","2004",21,"reef","before","Lutjanus decussatus","<50",4.8,0,0,0,0,0,0,2
"ASH3_1","2004",21,"reef","before","Lutjanus gibbus","<50",2.2,0,0,0,0,0,0,2
"ASH3_1","2004",21,"reef","before","Lutjanus decussatus","<50",7.6,0,0,0,0,0,0,2
"ASH3_1","2004",21,"reef","before","Lutjanus decussatus","<50",3,0,0,0,0,0,0,1
"ASH3_1","2004",21,"reef","before","Lethrinus rubrioperculatus","<50",13.8,0,0,0,0,0,0,3
"ASH3_1","2004",21,"reef","before","Lethrinus rubrioperculatus","<50",1.6,0,0,0,0,0,0,3
"ASH3_1","2004",21,"reef","before","Lethrinus rubrioperculatus","<50",8.4,0,0,0,0,0,0,3
"ASH3_1","2004",21,"reef","before","Lethrinus rubrioperculatus","<50",3.4,0,0,0,0,0,0,3
"ASH3_1","2004",21,"reef","before","Lethrinus rubrioperculatus","<50",4,0,0,0,0,0,0,3
"ASH3_1","2004",21,"reef","before","Lethrinus rubrioperculatus","<50",1.4,0,1.8,0,0,0,0,3
"ASH3_1","2004",21,"reef","before","Lethrinus rubrioperculatus","<50",6.8,0,0,0,0,0,0,3
"ASH3_1","2004",21,"reef","before","Lethrinus rubrioperculatus","<50",0,0,5,0,0,0,0,3
"ASH3_1","2004",21,"reef","before","Lethrinus rubrioperculatus","<50",6,0,1.8,0,0,0,0,1
"ASH3_1","2004",21,"reef","before","Lethrinus rubrioperculatus","<50",10.4,0,5.2,0,0,0,0,3
"ASH3_1","2004",21,"reef","before","Lethrinus rubrioperculatus","<50",5.4,0,2.6,0,0,0,0,3
"ASH3_1","2004",21,"reef","before","Lethrinus rubrioperculatus","<50",2.8,0,0,0,0,0,0,2
"ASH3_1","2004",21,"reef","before","Lutjanus decussatus","<50",6.4,0,0,0,0,0,0,2
"ASH3_1","2004",21,"reef","before","Lutjanus decussatus","<50",5.6,0,0,0,0,0,0,2
"ASH3_1","2004",21,"reef","before","Lethrinus rubrioperculatus","<50",6.4,0,0,0,0,0,0,3
"ASH3_1","2004",21,"reef","before","Lutjanus decussatus","<50",1.2,0,0,0,0,0,0,3
"ASH3_1","2004",21,"reef","before","Lutjanus gibbus","<50",6.2,0,0,0,0,0,0,2
"ASH3_1","2004",21,"reef","before","Lethrinus rubrioperculatus","<50",6.2,0,0,0,0,0,0,2
"ASH3_1","2004",21,"reef","before","Lethrinus rubrioperculatus","<50",3,0,0,0,0,0,0,2
"ASH3_1","2004",21,"reef","before","Lutjanus gibbus","<50",2.8,0,0,0,0,0,0,2
"ASH3_1","2004",21,"reef","before","Lethrinus rubrioperculatus","<50",9.6,0,0,0,0,0,0,1
"ASH3_1","2004",21,"reef","before","Lethrinus rubrioperculatus","<50",1.2,0,0,0,0,0,0,1
"ASH3_1","2004",21,"reef","before","Lutjanus gibbus","<50",1.2,0,0,0,0,0,0,1
"ASH3_1","2004",21,"reef","before","Lutjanus decussatus","<50",7.4,0,0,0,0,0,0,1
"ASH3_1","2004",21,"reef","before","Lethrinus rubrioperculatus","<50",3,0.2,11.8,0,0,0,0,1
"ASH5_2","2004",25,"near reef","before","Lethrinus rubrioperculatus","<50",10.4,0,0,22.4,0,0,0,1
"ASH5_2","2004",25,"near reef","before","Lethrinus rubrioperculatus","<50",6.4,0,0,0,0,0,0,1
"ASH5_2","2004",25,"near reef","before","Lethrinus rubrioperculatus","<50",13.6,0,0,0,0,0,0,1
"ASH5_2","2004",25,"near reef","before","Lethrinus rubrioperculatus","<50",5,0,0,0,0,0,0,1
"ASH5_2","2004",25,"near reef","before","Lethrinus rubrioperculatus","<50",22.8,0,6.2,0,0,0,0,1
"ASH5_2","2004",25,"near reef","before","Lethrinus rubrioperculatus","<50",17,0,0,0,0,0,0,1
"ASH5_2","2004",25,"near reef","before","Lethrinus rubrioperculatus","<50",13.8,0,2,0,0,0,0,2
"ASH5_2","2004",25,"near reef","before","Lethrinus rubrioperculatus","<50",5.4,0,0,0,0,0,0,2
"ASH4_5","2004",22,"reef","before","Lethrinus rubrioperculatus","<50",2.2,0,0,0,0,0,0,2
"ASH4_5","2004",22,"reef","before","Lethrinus rubrioperculatus","<50",10.2,0,0,0,0,0,0,4
"ASH4_5","2004",22,"reef","before","Lethrinus rubrioperculatus","<50",2.8,0,2.6,0,0,0,0,4
"ASH4_5","2004",22,"reef","before","Lethrinus rubrioperculatus","<50",5.4,0,4.4,0,0,0,0,4
"ASH4_5","2004",22,"reef","before","Lethrinus rubrioperculatus","<50",8.6,0,1,0,0,0,0,4
"ASH4_5","2004",22,"reef","before","Lethrinus rubrioperculatus","<50",1.6,0,2,0,0,0,0,4
"ASH4_5","2004",22,"reef","before","Lethrinus rubrioperculatus","<50",0,0,3,0,0,0,0,3
"ASH4_5","2004",22,"reef","before","Lethrinus rubrioperculatus","<50",2.6,0,1.6,0,0,0,0,1
"ASH4_5","2004",22,"reef","before","Lethrinus rubrioperculatus","<50",8.4,0,0,0,0,0,0,3
"ASH4_5","2004",22,"reef","before","Lethrinus rubrioperculatus","<50",3,0,0,0,0,0,0,3
"ASH4_5","2004",22,"reef","before","Lethrinus rubrioperculatus","<50",10.6,0,1.2,0,0,0,0,3
"ASH4_5","2004",22,"reef","before","Lethrinus rubrioperculatus","<50",8.6,0,7.8,0,0,0,0,3
"ASH4_5","2004",22,"reef","before","Lethrinus rubrioperculatus","<50",3,0,1,0,0,0,0,3
"ASH4_5","2004",22,"reef","before","Lethrinus rubrioperculatus","<50",9.2,0,0,0,0,0,0,3
"ASH4_5","2004",22,"reef","before","Lethrinus rubrioperculatus","<50",5,0,0,0,0,0,0,3
"ASH4_5","2004",22,"reef","before","Lethrinus rubrioperculatus","<50",5,0,1,0,0,0,0,1
"ASH4_5","2004",22,"reef","before","Lethrinus rubrioperculatus","<50",3.4,0,8.6,0,0,0,0,2
"ASH4_5","2004",22,"reef","before","Lethrinus rubrioperculatus","<50",1.2,0,3.4,0,0,0,0,2
"ASH4_5","2004",22,"reef","before","Lethrinus rubrioperculatus","<50",0,0,9.4,0,0,0,0,2
"ASH4_5","2004",22,"reef","before","Lethrinus rubrioperculatus","<50",12.2,0,1.4,0,0,0,0,2
"ASH4_5","2004",22,"reef","before","Lethrinus rubrioperculatus","<50",7.4,0,0,0,0,0,0,2
"ASH4_5","2004",22,"reef","before","Lethrinus rubrioperculatus","<50",4,0,8.6,0,0,0,0,4
"ASH4_5","2004",22,"reef","before","Lethrinus rubrioperculatus","<50",5.2,0,5.6,0,0,0,0,4
"ASH4_5","2004",22,"reef","before","Lethrinus rubrioperculatus","<50",2.8,0,1.8,0,0,0,0,3
"ASH4_5","2004",22,"reef","before","Lethrinus rubrioperculatus","<50",3,0,0.4,0,0,0,0,2
"ASH4_5","2004",22,"reef","before","Lethrinus rubrioperculatus","<50",7.6,0,9,0,0,0,0,2
"ASH4_5","2004",22,"reef","before","Lethrinus rubrioperculatus","<50",4.6,0,5.6,0,0,0,0,2
"ASH4_5","2004",22,"reef","before","Lethrinus rubrioperculatus","<50",1.2,0,8.4,0,0,0,0,2
"ASH4_5","2004",22,"reef","before","Lethrinus rubrioperculatus","<50",2.8,0,0,0,0,0,0,2
"ASH4_5","2004",22,"reef","before","Lethrinus rubrioperculatus","<50",5.8,0,0,0,0,0,0,1
"ASH4_5","2004",22,"reef","before","Lethrinus rubrioperculatus","<50",2.6,0,0,0,0,0,0,2
"ASH4_5","2004",22,"reef","before","Lethrinus rubrioperculatus","<50",7.2,0,1.6,0,0,0,0,2
"ASH4_5","2004",22,"reef","before","Lethrinus rubrioperculatus","<50",9.8,0,0,0,0,0,0,2
"ASH4_5","2004",22,"reef","before","Lethrinus rubrioperculatus","<50",6.4,0,0,0,0,0,0,2
"ASH4_5","2004",22,"reef","before","Lethrinus rubrioperculatus","<50",1.8,0,1,0,0,0,0,2
"ASH4_5","2004",22,"reef","before","Lethrinus rubrioperculatus","<50",4,0,1.4,0,0,0,0,2
"ASH4_5","2004",22,"reef","before","Lethrinus rubrioperculatus","<50",6.4,0,0,0,0,0,0,1
"ASH4_5","2004",22,"reef","before","Lethrinus rubrioperculatus","<50",1.8,0,6.2,0,0,0,0,3
"ASH4_5","2004",22,"reef","before","Lethrinus rubrioperculatus","<50",1.8,0,5.2,0,0,0,0,3
"ASH4_5","2004",22,"reef","before","Lethrinus rubrioperculatus","<50",1,0,2.4,0,0,0,0,3
"ASH4_5","2004",22,"reef","before","Lethrinus rubrioperculatus","<50",1.2,0,6.6,0,0,0,0,2
"ASH4_5","2004",22,"reef","before","Lethrinus rubrioperculatus","<50",2,0,0,0,0,0,0,2
"ASH4_5","2004",22,"reef","before","Lethrinus rubrioperculatus","<50",8.8,0,1.6,0,0,0,0,2
"ASH4_5","2004",22,"reef","before","Lethrinus rubrioperculatus","<50",5.6,0,1,0,0,0,0,4
"ASH4_5","2004",22,"reef","before","Lethrinus rubrioperculatus","<50",7.6,0,0,0,0,0,0,4
"ASH4_5","2004",22,"reef","before","Lethrinus rubrioperculatus","<50",8.8,0,0,0,0,0,0,4
"ASH4_5","2004",22,"reef","before","Lethrinus rubrioperculatus","<50",4.4,0,0,0,0,0,0,2
"ASH1_2","2004",21,"near reef","before","Lethrinus rubrioperculatus","<50",15,0,0,0,0,0,0,1
"ASH1_2","2004",21,"near reef","before","Lethrinus rubrioperculatus","<50",5.8,0,0,0,0,0,0,1
"ASH1_2","2004",21,"near reef","before","Lethrinus rubrioperculatus","<50",5,0,0,0,0,0,0,1
"ASH1_2","2004",21,"near reef","before","Lethrinus rubrioperculatus","<50",8.8,0,1.6,0,0,0,0,1
"ASH1_2","2004",21,"near reef","before","Lethrinus rubrioperculatus","<50",6.8,0,0,0,0,0,0,1
"ASH1_2","2004",21,"near reef","before","Lethrinus rubrioperculatus","<50",8,0,0,4.4,0,0,0,1
"ASH1_2","2004",21,"near reef","before","Lethrinus rubrioperculatus","<50",4,0,7,0,0,0,0,2
"ASH1_2","2004",21,"near reef","before","Lethrinus rubrioperculatus","<50",6.6,0,0,0,0,0,0,2
"ASH1_2","2004",21,"near reef","before","Lethrinus rubrioperculatus","<50",4.2,0,0,0,0,0,0,2
"ASH1_2","2004",21,"near reef","before","Lethrinus rubrioperculatus","<50",11.8,0,0,3,0,0,0,2
"ASH1_2","2004",21,"near reef","before","Lethrinus rubrioperculatus","<50",9.4,0,0,0,0,0,0,1
"ASH1_2","2004",21,"near reef","before","Lethrinus rubrioperculatus","<50",7.8,0,7.2,0,0,0,0,1
"ASH1_2","2004",21,"near reef","before","Lethrinus rubrioperculatus","<50",10,0,0,0,0,0,0,3
"ASH1_2","2004",21,"near reef","before","Lethrinus rubrioperculatus","<50",9.2,0,0,0,0,0,0,3
"ASH1_2","2004",21,"near reef","before","Lethrinus rubrioperculatus","<50",13.2,0,0.6,0,0,0,0,3
"ASH1_2","2004",21,"near reef","before","Lethrinus rubrioperculatus","<50",19.4,0,0,6.6,0,0,0,1
"ASH1_2","2004",21,"near reef","before","Lethrinus rubrioperculatus","<50",3,0,0,0,0,0,0,1
"ASH6_1","2004",38,"reef","before","Aprion virescens",">100",5.2,0,0,0,0,0,0,7
"ASH6_1","2004",38,"reef","before","Lethrinus ravus","<50",2.8,0,0,0,0,0,0,5
"ASH6_1","2004",38,"reef","before","Lethrinus ravus","<50",1,0,0,0,0,0,0,5
"ASH6_1","2004",38,"reef","before","Lethrinus ravus","<50",3.6,0,0,0,0,0,0,5
"ASH6_1","2004",38,"reef","before","Lethrinus ravus","<50",3,5,6.2,0,3,12,0,8
"ASH6_1","2004",38,"reef","before","Lethrinus ravus","<50",1,2.2,0.8,6.6,2,6,0,8
"ASH6_1","2004",38,"reef","before","Variola albimarginata","50-100",5.4,0,0,0,0,0,0,8
"ASH6_1","2004",38,"reef","before","Aprion virescens",">100",5.1,0,1,0,0,0,0,8
"ASH6_1","2004",38,"reef","before","Lethrinus ravus","<50",1.6,0,0,0,0,0,0,8
"ASH6_1","2004",38,"reef","before","Lethrinus ravus","<50",5.2,0,0,0,0,0,0,8
"ASH6_1","2004",38,"reef","before","Variola albimarginata","50-100",8.4,0,0,0,0,0,0,1
"ASH6_1","2004",38,"reef","before","Aprion virescens",">100",2.8,0,0,0,0,0,0,1
"ASH6_1","2004",38,"reef","before","Lethrinus ravus","<50",10,0,0,0,0,0,0,1
"ASH6_1","2004",38,"reef","before","Variola albimarginata","50-100",11.8,0,0,0,0,0,0,1
"ASH6_1","2004",38,"reef","before","Variola albimarginata","50-100",4.2,0,0,0,0,0,0,1
"ASH6_1","2004",38,"reef","before","Lethrinus rubrioperculatus","<50",3.8,0,0,0,0,0,0,1
"ASH6_1","2004",38,"reef","before","Aprion virescens",">100",3.8,0,0,0,0,0,0,1
"ASH6_1","2004",38,"reef","before","Lethrinus ravus","<50",17.4,0,0,0,0,0,0,2
"ASH6_1","2004",38,"reef","before","Aprion virescens",">100",5,0,0,0,0,0,0,2
"ASH7_2","2004",44,"reef","before","Lutjanus bohar","50-100",5,0,0,0,0,0,0,55
"ASH7_2","2004",44,"reef","before","Lutjanus bohar","50-100",13.5,0,0,0,0,0,0,55
"ASH7_2","2004",44,"reef","before","Lutjanus bohar","50-100",3.4,0,0,0,0,0,0,55
"ASH7_2","2004",44,"reef","before","Variola albimarginata","50-100",10.6,0,0,0,0,0,0,55
"ASH7_2","2004",44,"reef","before","Lethrinus ravus","<50",4.8,0,0,0,0,0,0,55
"ASH7_2","2004",44,"reef","before","Lethrinus ravus","<50",12.4,0,0,0,0,0,0,54
"ASH7_2","2004",44,"reef","before","Lutjanus bohar","50-100",10.2,0,0,0,0,0,0,54
"ASH7_2","2004",44,"reef","before","Lutjanus bohar","50-100",10,0,0,0,0,0,0,54
"ASH7_2","2004",44,"reef","before","Variola albimarginata","50-100",39.4,0,5.6,0,0,0,0,54
"ASH7_2","2004",44,"reef","before","Lutjanus vitta","<50",32.2,0,0,0,0,0,0,55
"ASH7_2","2004",44,"reef","before","Lutjanus vitta","<50",32.2,0,0,0,0,0,0,55
"ASH7_2","2004",44,"reef","before","Lutjanus vitta","<50",32.2,0,0,0,0,0,0,55
"ASH7_2","2004",44,"reef","before","Lutjanus vitta","<50",32.2,0,0,0,0,0,0,55
"ASH7_2","2004",44,"reef","before","Lutjanus vitta","<50",32.2,0,0,0,0,0,0,55
"ASH7_2","2004",44,"reef","before","Lutjanus vitta","<50",75.8,0,0,0,0,0,0,40
"ASH7_2","2004",44,"reef","before","Lutjanus vitta","<50",75.8,0,0,0,0,0,0,40
"ASH7_2","2004",44,"reef","before","Lutjanus vitta","<50",75.8,0,0,0,0,0,0,40
"ASH7_2","2004",44,"reef","before","Lutjanus vitta","<50",75.8,0,0,0,0,0,0,40
"ASH7_2","2004",44,"reef","before","Lutjanus vitta","<50",75.8,0,0,0,0,0,0,40
"ASH7_2","2004",44,"reef","before","Lutjanus vitta","<50",75.8,0,0,0,0,0,0,40
"ASH7_2","2004",44,"reef","before","Lutjanus vitta","<50",75.8,0,0,0,0,0,0,40
"ASH7_2","2004",44,"reef","before","Lutjanus vitta","<50",75.8,0,0,0,0,0,0,40
"ASH7_2","2004",44,"reef","before","Lutjanus vitta","<50",75.8,0,0,0,0,0,0,40
"ASH7_2","2004",44,"reef","before","Lutjanus vitta","<50",75.8,0,0,0,0,0,0,40
"ASH7_2","2004",44,"reef","before","Lutjanus vitta","<50",75.8,0,0,0,0,0,0,40
"ASH7_2","2004",44,"reef","before","Lutjanus vitta","<50",75.8,0,0,0,0,0,0,40
"ASH7_2","2004",44,"reef","before","Lutjanus vitta","<50",75.8,0,0,0,0,0,0,40
"ASH7_2","2004",44,"reef","before","Lutjanus bohar","50-100",8.8,0,0,0,0,0,0,40
"ASH7_2","2004",44,"reef","before","Lethrinus ravus","<50",18.6,3.2,12.8,14.4,0,9,0,40
"ASH7_2","2004",44,"reef","before","Lutjanus bohar","50-100",9.4,0,0,0,0,0,0,7
"ASH7_2","2004",44,"reef","before","Variola albimarginata","50-100",0,0,9,0,0,0,0,7
"ASH7_2","2004",44,"reef","before","Lethrinus ravus","<50",27.4,0,0,0,0,0,0,7
"ASH7_2","2004",44,"reef","before","Lethrinus ravus","<50",9.2,0,0,0,0,0,0,7
"ASH7_2","2004",44,"reef","before","Lutjanus vitta","<50",38.4,0,0,0,0,0,0,7
"ASH7_2","2004",44,"reef","before","Lutjanus vitta","<50",38.4,0,0,0,0,0,0,7
"ASH7_2","2004",44,"reef","before","Lutjanus bohar","50-100",5,0,0,0,0,0,0,7
"ASH7_2","2004",44,"reef","before","Lutjanus bohar","50-100",9.6,0,0,0,0,0,0,7
"ASH7_2","2004",44,"reef","before","Lutjanus bohar","50-100",4.6,0,0,0,0,0,0,2
"ASH7_2","2004",44,"reef","before","Lethrinus ravus","<50",11.8,3.4,0,27.6,2,9,0,8
"ASH7_2","2004",44,"reef","before","Variola albimarginata","50-100",6.6,0,0,0,0,0,0,8
"ASH7_2","2004",44,"reef","before","Lutjanus bohar","50-100",11.2,0,0,0,0,0,0,8
"ASH7_2","2004",44,"reef","before","Lutjanus bohar","50-100",16.6,0,0,0,0,0,0,8
"ASH7_2","2004",44,"reef","before","Lutjanus vitta","<50",19.4,0,0,0,0,0,0,35
"ASH7_2","2004",44,"reef","before","Lutjanus vitta","<50",19.4,0,0,0,0,0,0,35
"ASH7_2","2004",44,"reef","before","Lethrinus ravus","<50",6,0,0,0,0,0,0,35
"ASH7_2","2004",44,"reef","before","Variola albimarginata","50-100",27.4,0,0,0,0,0,0,35
"ASH7_2","2004",44,"reef","before","Lutjanus bohar","50-100",12.4,0,0,0,0,0,0,35
"ASH7_2","2004",44,"reef","before","Lutjanus bohar","50-100",8.8,0,0,0,0,0,0,35
"ASH7_2","2004",44,"reef","before","Lethrinus ravus","<50",15,3,22.2,0,3,10,0,5
"ASH7_2","2004",44,"reef","before","Lutjanus bohar","50-100",13.8,0,0,0,0,0,0,5
"ASH7_2","2004",44,"reef","before","Lutjanus bohar","50-100",7,0,0,0,0,0,0,5
"ASH7_2","2004",44,"reef","before","Lutjanus bohar","50-100",7.4,0,0,0,0,0,0,5
"ASH7_2","2004",44,"reef","before","Lutjanus bohar","50-100",7.6,0,0,0,0,0,0,5
"ASH7_2","2004",44,"reef","before","Lethrinus ravus","<50",5.8,0,0,0,0,0,0,5
"ASH7_2","2004",44,"reef","before","Lethrinus ravus","<50",14.4,4.8,19.6,0,5,8,0,35
"ASH7_2","2004",44,"reef","before","Lutjanus vitta","<50",23.5,0,0,0,0,0,0,35
"ASH7_2","2004",44,"reef","before","Lutjanus vitta","<50",12,0,0,0,0,0,0,35
"ASH7_2","2004",44,"reef","before","Lutjanus vitta","<50",12,0,0,0,0,0,0,35
"ASH7_2","2004",44,"reef","before","Lutjanus vitta","<50",12,0,0,0,0,0,0,35
"ASH7_2","2004",44,"reef","before","Lutjanus vitta","<50",12,0,0,0,0,0,0,35
"ASH7_2","2004",44,"reef","before","Lutjanus vitta","<50",12,0,0,0,0,0,0,35
"ASH7_2","2004",44,"reef","before","Lutjanus vitta","<50",12,0,0,0,0,0,0,35
"ASH7_2","2004",44,"reef","before","Lutjanus vitta","<50",12,0,0,0,0,0,0,35
"ASH7_2","2004",44,"reef","before","Lutjanus vitta","<50",12,0,0,0,0,0,0,35
"ASH7_2","2004",44,"reef","before","Lutjanus vitta","<50",12,0,0,0,0,0,0,35
"ASH7_2","2004",44,"reef","before","Lutjanus vitta","<50",12,0,0,0,0,0,0,35
"ASH7_2","2004",44,"reef","before","Lutjanus vitta","<50",12,0,0,0,0,0,0,35
"ASH7_2","2004",44,"reef","before","Lutjanus vitta","<50",12,0,0,0,0,0,0,35
"ASH7_2","2004",44,"reef","before","Lutjanus vitta","<50",12,0,0,0,0,0,0,35
"ASH3_2","2004",24,"near reef","before","Lethrinus rubrioperculatus","<50",4,0,0,0,0,0,0,3
"ASH3_2","2004",24,"near reef","before","Lethrinus rubrioperculatus","<50",4.6,0,0,0,0,0,0,3
"ASH3_2","2004",24,"near reef","before","Lethrinus rubrioperculatus","<50",7.8,0,0,0,0,0,0,3
"ASH3_2","2004",24,"near reef","before","Lethrinus rubrioperculatus","<50",6.8,0,0,0,0,0,0,3
"ASH3_2","2004",24,"near reef","before","Lethrinus rubrioperculatus","<50",6,0,0,0,0,0,0,7
"ASH3_2","2004",24,"near reef","before","Lethrinus rubrioperculatus","<50",7.2,0,0,0,0,0,0,7
"ASH3_2","2004",24,"near reef","before","Lethrinus rubrioperculatus","<50",7.2,0,0,0,0,0,0,7
"ASH3_2","2004",24,"near reef","before","Lethrinus rubrioperculatus","<50",15.6,0,0,8.2,0,0,0,7
"ASH3_2","2004",24,"near reef","before","Lethrinus rubrioperculatus","<50",36.2,0,0,0,0,0,0,3
"ASH3_2","2004",24,"near reef","before","Lethrinus rubrioperculatus","<50",4.6,0,0,0,0,0,0,2
"ASH3_2","2004",24,"near reef","before","Lethrinus rubrioperculatus","<50",9.8,0,0,0,0,0,0,2
"ASH3_2","2004",24,"near reef","before","Lethrinus rubrioperculatus","<50",12,0,0,0,0,0,0,2
"ASH3_2","2004",24,"near reef","before","Lethrinus rubrioperculatus","<50",20,0,0,0,0,0,0,1
"ASH3_2","2004",24,"near reef","before","Lethrinus rubrioperculatus","<50",5.4,0,0,0,0,0,0,2
"ASH3_2","2004",24,"near reef","before","Lethrinus rubrioperculatus","<50",5,0,0,0,0,0,0,2
"ASH3_2","2004",24,"near reef","before","Lethrinus rubrioperculatus","<50",21,0,0,0,0,0,0,1
"ASH3_2","2004",24,"near reef","before","Lethrinus rubrioperculatus","<50",2.2,0,0,0,0,0,0,1
"ASH3_2","2004",24,"near reef","before","Lethrinus rubrioperculatus","<50",8.6,0,1.2,0,0,0,0,1
"ASH3_2","2004",24,"near reef","before","Lethrinus rubrioperculatus","<50",5,0,0,0,0,0,0,1
"ASH3_2","2004",24,"near reef","before","Lethrinus rubrioperculatus","<50",10.6,0,0,0,0,0,0,1
"ASH3_2","2004",24,"near reef","before","Lethrinus rubrioperculatus","<50",12.2,0,0,0,0,0,0,1
"ASH3_2","2004",24,"near reef","before","Lethrinus rubrioperculatus","<50",15.6,0,0,0,0,0,0,2
"ASH3_2","2004",24,"near reef","before","Lethrinus rubrioperculatus","<50",5.6,0,0,0,0,0,0,1
"ASH3_2","2004",24,"near reef","before","Lethrinus rubrioperculatus","<50",5.4,0,0,11.8,0,0,0,1
"ASH2_1","2004",14,"reef","before","Lutjanus gibbus","<50",0,1.2,3,0,1,2,0,6
"ASH2_1","2004",14,"reef","before","Lutjanus gibbus","<50",0,1.4,11.6,0,1,2,0,6
"ASH2_1","2004",14,"reef","before","Lutjanus gibbus","<50",0,0,7.4,0,0,0,0,6
"ASH2_1","2004",14,"reef","before","Lutjanus gibbus","<50",0,1.8,9.2,0,1,2,0,6
"ASH2_1","2004",14,"reef","before","Lutjanus gibbus","<50",0,9.8,2.6,0,2,8,0,6
"ASH2_1","2004",14,"reef","before","Lethrinus rubrioperculatus","<50",0.8,0,0,0,0,0,0,6
"ASH2_1","2004",14,"reef","before","Lutjanus decussatus","<50",10.8,0,0,0,0,0,0,6
"ASH2_1","2004",14,"reef","before","Lutjanus gibbus","<50",0,4.8,28,0,3,8,0,9
"ASH2_1","2004",14,"reef","before","Lethrinus rubrioperculatus","<50",2.4,0,10,0,0,0,0,9
"ASH2_1","2004",14,"reef","before","Lutjanus gibbus","<50",0,1.8,9,0,0,2,0,4
"ASH2_1","2004",14,"reef","before","Lutjanus gibbus","<50",1,5.2,10,0,1,4,0,7
"ASH2_1","2004",14,"reef","before","Lethrinus rubrioperculatus","<50",6,0,0,0,NA,0,0,7
"ASH2_1","2004",14,"reef","before","Lutjanus gibbus","<50",3.4,0,0,0,0,0,0,8
"ASH2_1","2004",14,"reef","before","Lethrinus rubrioperculatus","<50",1.4,1.6,6.4,0,1,4,0,7
"ASH2_1","2004",14,"reef","before","Lethrinus rubrioperculatus","<50",0,1.4,2.4,0,0,0,0,7
"ASH2_1","2004",14,"reef","before","Lutjanus gibbus","<50",0,0,9.4,0,0,0,0,7
"ASH2_1","2004",14,"reef","before","Lutjanus gibbus","<50",0,11.2,16.6,0,11,0,0,8
"ASH2_1","2004",14,"reef","before","Lethrinus rubrioperculatus","<50",4.4,0,0,0,0,0,0,8
"ASH2_1","2004",14,"reef","before","Lutjanus gibbus","<50",0,0,2.8,0,0,0,0,8
"ASH2_1","2004",14,"reef","before","Lutjanus gibbus","<50",0,0,7.4,0,0,0,0,8
"ASH2_1","2004",14,"reef","before","Lutjanus gibbus","<50",3.2,0,0,0,0,0,0,8
"ASH2_1","2004",14,"reef","before","Lethrinus rubrioperculatus","<50",0,1.6,7.2,0,1,6,0,9
"ASH2_1","2004",14,"reef","before","Lutjanus gibbus","<50",0,14.1,7.9,0,0,0,0,7
"ASH2_1","2004",14,"reef","before","Lutjanus gibbus","<50",0,0,5,0,0,0,0,7
"ASH2_1","2004",14,"reef","before","Lethrinus rubrioperculatus","<50",0,1.2,6,0,1,2,0,7
"ASH2_1","2004",14,"reef","before","Lutjanus gibbus","<50",0,0,10.4,0,0,0,0,7
"ASH2_1","2004",14,"reef","before","Lethrinus rubrioperculatus","<50",4.8,0,0,0,0,0,0,8
"ASH2_1","2004",14,"reef","before","Lutjanus gibbus","<50",0,0,11.2,0,0,0,0,6
"ASH2_1","2004",14,"reef","before","Lutjanus gibbus","<50",0,0,1.8,0,0,0,0,4
"ASH2_1","2004",14,"reef","before","Lutjanus gibbus","<50",0,1.6,0.8,0,1,2,0,4
"ASH2_1","2004",14,"reef","before","Lethrinus rubrioperculatus","<50",0,0.2,1.6,0,1,1,0,4
"ASH2_1","2004",14,"reef","before","Lethrinus rubrioperculatus","<50",2,0,0,6,0,0,0,10
"ASH2_1","2004",14,"reef","before","Lutjanus gibbus","<50",0,0,1.6,0,0,0,0,10
"ASH2_1","2004",14,"reef","before","Lutjanus gibbus","<50",0,0,3,0,0,0,0,10
"ASH2_1","2004",14,"reef","before","Lethrinus rubrioperculatus","<50",0,1.6,3.4,0,1,2,0,10
"ASH2_1","2004",14,"reef","before","Lutjanus gibbus","<50",0,0.4,16,0,0,0,0,6
"ASH2_1","2004",14,"reef","before","Lutjanus gibbus","<50",6.4,0,0,0,0,0,0,6
"ASH2_1","2004",14,"reef","before","Lutjanus gibbus","<50",0,4.2,5,0,1,3,0,5
"ASH2_1","2004",14,"reef","before","Lutjanus gibbus","<50",0,0,3.4,0,0,0,0,5
"ASH2_1","2004",14,"reef","before","Lutjanus decussatus","<50",6,0,0,0,0,0,0,5
"ASH2_1","2004",14,"reef","before","Lutjanus gibbus","<50",0,0,3,0,0,0,0,4
"ASH2_1","2004",14,"reef","before","Lutjanus gibbus","<50",0,0,3,0,0,0,0,4
"ASH2_1","2004",14,"reef","before","Lutjanus decussatus","<50",7.6,0,0,0,0,0,0,1
"ASH2_1","2004",14,"reef","before","Lutjanus gibbus","<50",7,0,0,0,0,0,0,3
"ASH2_1","2004",14,"reef","before","Lutjanus gibbus","<50",0,0.8,15.6,0,1,2,0,3
"ASH2_1","2004",14,"reef","before","Lutjanus gibbus","<50",15.6,0,0,0,0,0,0,2
"ASH2_1","2004",14,"reef","before","Lutjanus gibbus","<50",4.4,0,0,0,0,0,0,2
"ASH2_1","2004",14,"reef","before","Lutjanus gibbus","<50",0,3.2,9,0,2,4,0,3
"ASH2_1","2004",14,"reef","before","Lutjanus decussatus","<50",7.6,0,0,0,0,0,0,3
"ASH2_1","2004",14,"reef","before","Lutjanus gibbus","<50",13.8,0,0,0,0,0,0,3
"ASH2_1","2004",14,"reef","before","Lutjanus gibbus","<50",0,3,13,0,3,8,0,3
"ASH2_1","2004",14,"reef","before","Lutjanus gibbus","<50",0,2.2,12.2,0,2,4,0,6
"ASH2_1","2004",14,"reef","before","Lethrinus rubrioperculatus","<50",0,2.2,4,0,2,4,0,6
"ASH2_1","2004",14,"reef","before","Variola albimarginata","50-100",2.4,0,19.4,0,0,0,0,6
"ASH2_1","2004",14,"reef","before","Lutjanus decussatus","<50",16,0,0,0,0,0,0,6
"ASH2_1","2004",14,"reef","before","Lutjanus bohar","50-100",5.6,0,0,0,0,0,0,6
"ASH2_1","2004",14,"reef","before","Lutjanus gibbus","<50",7.8,0,0,0,0,0,0,6
"ASH2_1","2004",14,"reef","before","Lutjanus gibbus","<50",6.8,0,0,0,0,0,0,6
"ASH2_1","2004",14,"reef","before","Lutjanus gibbus","<50",3.4,0,0,0,0,0,0,2
"ASH2_1","2004",14,"reef","before","Lutjanus gibbus","<50",0,1,4.8,0,1,4,0,2
"ASH2_1","2004",14,"reef","before","Lutjanus gibbus","<50",0,0.6,3.6,0,1,3,0,8
"ASH2_1","2004",14,"reef","before","Lethrinus rubrioperculatus","<50",5.2,0,0,0,0,0,0,8
"ASH2_1","2004",14,"reef","before","Lutjanus gibbus","<50",4,0,0,0,0,0,0,8
"ASH2_1","2004",14,"reef","before","Lutjanus bohar","50-100",3.4,0,0,0,0,0,0,8
"ASH2_1","2004",14,"reef","before","Lutjanus gibbus","<50",1,0.2,12.2,0,1,1,0,6
"ASH2_1","2004",14,"reef","before","Lutjanus gibbus","<50",0,0,2.4,0,0,0,0,3
"ASH2_1","2004",14,"reef","before","Lethrinus rubrioperculatus","<50",7.4,0,0,0,0,0,0,3
"ASH2_1","2004",14,"reef","before","Lutjanus gibbus","<50",0.8,0,7,0,0,0,0,3
"ASH2_1","2004",14,"reef","before","Lutjanus gibbus","<50",0,0,2.8,0,0,0,0,4
"ASH2_1","2004",14,"reef","before","Lethrinus rubrioperculatus","<50",0,0,3.2,0,0,0,0,4
"ASH2_1","2004",14,"reef","before","Lutjanus gibbus","<50",1.4,0,4.6,0,0,0,0,4
"ASH2_1","2004",14,"reef","before","Lutjanus gibbus","<50",0,0,6,0,0,0,0,4
"ASH2_6","2004",17,"reef","before","Lutjanus decussatus","<50",2.2,0,0,0,0,0,0,3
"ASH2_6","2004",17,"reef","before","Lethrinus rubrioperculatus","<50",1.4,0,0,0,0,0,0,3
"ASH2_6","2004",17,"reef","before","Variola albimarginata","50-100",3.4,0,0,0,0,0,0,3
"ASH2_6","2004",17,"reef","before","Lethrinus rubrioperculatus","<50",1,0,0,0,0,0,0,3
"ASH2_6","2004",17,"reef","before","Lethrinus rubrioperculatus","<50",3.8,0,0,0,0,0,0,2
"ASH2_6","2004",17,"reef","before","Lethrinus rubrioperculatus","<50",3,0,0,0,0,0,0,2
"ASH2_6","2004",17,"reef","before","Lethrinus rubrioperculatus","<50",3.6,0,0,0,0,0,0,2
"ASH2_6","2004",17,"reef","before","Lutjanus decussatus","<50",3.4,0,0,0,0,0,0,3
"ASH2_6","2004",17,"reef","before","Lethrinus rubrioperculatus","<50",1.6,0,0,0,0,0,0,3
"ASH2_6","2004",17,"reef","before","Lethrinus rubrioperculatus","<50",1.2,0,0,0,0,0,0,2
"ASH2_6","2004",17,"reef","before","Lutjanus decussatus","<50",2.6,0,0,0,0,0,0,2
"ASH2_6","2004",17,"reef","before","Lethrinus rubrioperculatus","<50",1.8,0,0,0,0,0,0,2
"ASH2_6","2004",17,"reef","before","Lethrinus rubrioperculatus","<50",4.2,0,0,0,0,0,0,2
"ASH2_6","2004",17,"reef","before","Lethrinus rubrioperculatus","<50",0.6,0,0,0,0,0,0,1
"ASH2_6","2004",17,"reef","before","Lethrinus rubrioperculatus","<50",2,0,0,0,0,0,0,2
"ASH2_6","2004",17,"reef","before","Lethrinus rubrioperculatus","<50",2.6,0,15,0,0,0,0,4
"ASH2_6","2004",17,"reef","before","Lethrinus rubrioperculatus","<50",1.2,0,7.2,0,0,0,0,4
"ASH2_6","2004",17,"reef","before","Lethrinus rubrioperculatus","<50",3,0,2.4,0,0,0,0,4
"ASH2_6","2004",17,"reef","before","Lutjanus decussatus","<50",4,0,0,0,0,0,0,4
"ASH2_6","2004",17,"reef","before","Lethrinus rubrioperculatus","<50",6.2,0,0,0,0,0,0,4
"ASH2_6","2004",17,"reef","before","Lutjanus decussatus","<50",3,0,0,0,0,0,0,4
"ASH2_6","2004",17,"reef","before","Lutjanus decussatus","<50",1,0,0,0,0,0,0,1
"ASH2_6","2004",17,"reef","before","Lethrinus rubrioperculatus","<50",1,0,0,0,0,0,0,3
"ASH2_6","2004",17,"reef","before","Lutjanus decussatus","<50",1,0,0,0,0,0,0,3
"ASH2_6","2004",17,"reef","before","Lethrinus rubrioperculatus","<50",1.6,0,5.8,0,0,0,0,2
"ASH2_6","2004",17,"reef","before","Lutjanus decussatus","<50",5.6,0,0,0,0,0,0,2
"ASH2_6","2004",17,"reef","before","Lethrinus rubrioperculatus","<50",2.2,0,3.2,0,0,0,0,3
"ASH2_6","2004",17,"reef","before","Lutjanus decussatus","<50",2.6,0,0,0,0,0,0,2
"ASH2_6","2004",17,"reef","before","Lethrinus rubrioperculatus","<50",3,0,25.8,0,0,0,0,4
"ASH2_6","2004",17,"reef","before","Lethrinus rubrioperculatus","<50",0,0,3.2,0,0,0,0,4
"ASH2_6","2004",17,"reef","before","Lutjanus decussatus","<50",1.4,0,0,0,0,0,0,4
"ASH2_6","2004",17,"reef","before","Lutjanus bohar","50-100",4.6,0,0,0,0,0,0,5
"ASH2_6","2004",17,"reef","before","Lethrinus rubrioperculatus","<50",4.4,0,1,0,0,0,0,5
"ASH2_6","2004",17,"reef","before","Lethrinus rubrioperculatus","<50",0,0,19.8,0,0,0,0,5
"ASH2_6","2004",17,"reef","before","Cephalopholis urodeta","<50",2.8,0,8.6,0,0,0,0,5
"ASH2_6","2004",17,"reef","before","Lethrinus rubrioperculatus","<50",0,0,2.2,0,0,0,0,4
"ASH2_6","2004",17,"reef","before","Lutjanus decussatus","<50",3.6,0,2.4,0,0,0,0,4
"ASH2_6","2004",17,"reef","before","Lethrinus rubrioperculatus","<50",0,0,3,0,0,0,0,2
"ASH2_6","2004",17,"reef","before","Lethrinus rubrioperculatus","<50",1.6,0,7.8,0,0,0,0,4
"ASH2_6","2004",17,"reef","before","Lethrinus rubrioperculatus","<50",0,0,8.8,0,0,0,0,6
"ASH2_6","2004",17,"reef","before","Lethrinus rubrioperculatus","<50",1.6,0,4.8,0,0,0,0,6
"ASH2_6","2004",17,"reef","before","Lethrinus rubrioperculatus","<50",3.6,0,0,0,0,0,0,4
"ASH2_6","2004",17,"reef","before","Lutjanus decussatus","<50",4.4,0,0,0,0,0,0,4
"ASH2_6","2004",17,"reef","before","Lethrinus rubrioperculatus","<50",0,0,3.2,0,0,0,0,4
"ASH2_6","2004",17,"reef","before","Lutjanus decussatus","<50",0,0,3.6,0,0,0,0,4
"ASH2_6","2004",17,"reef","before","Lethrinus rubrioperculatus","<50",2.4,0,0,0,0,0,0,2
"ASH2_6","2004",17,"reef","before","Lethrinus rubrioperculatus","<50",3,0,3,0,0,0,0,2
"ASH2_6","2004",17,"reef","before","Lutjanus bohar","50-100",4.2,0,0,0,0,0,0,4
"ASH2_6","2004",17,"reef","before","Lethrinus rubrioperculatus","<50",5.4,0,0,0,0,0,0,5
"ASH2_6","2004",17,"reef","before","Variola albimarginata","50-100",0,0,42,0,0,0,0,5
"ASH002","2016",20,"near reef","before","Lethrinus olivaceus x microdon","50-100",5,0,0,0,0,0,0,3
"ASH002","2016",20,"near reef","before","Lethrinus olivaceus x microdon","50-100",4.6,0,0,0,0,0,0,3
"ASH002","2016",20,"near reef","before","Lethrinus rubrioperculatus","<50",5.6,0,0,0,0,0,0,3
"ASH002","2016",20,"near reef","before","Lethrinus rubrioperculatus","<50",8,0,0,0,0,0,0,1
"ASH002","2016",20,"near reef","before","Lethrinus olivaceus x microdon","50-100",6.8,0,0,0,0,0,0,1
"ASH002","2016",20,"near reef","before","Carangoides plagiotaenia","<50",2.8,0,0,0,0,0,0,1
"ASH002","2016",20,"near reef","before","Lethrinus olivaceus x microdon","50-100",4.2,0,0,0,0,0,0,1
"ASH056","2016",18,"reef","before","Lutjanus decussatus","<50",7.2,0,0,0,0,0,0,7
"ASH056","2016",18,"reef","before","Lutjanus decussatus","<50",16.4,0,0,0,0,0,0,7
"ASH056","2016",18,"reef","before","Plectropomus maculatus",">100",21.8,0,0,0,0,0,0,7
"ASH056","2016",18,"reef","before","Lutjanus bohar","50-100",10,0,0,0,0,0,0,7
"ASH056","2016",18,"reef","before","Lutjanus decussatus","<50",7.6,0,0,0,0,0,0,7
"ASH056","2016",18,"reef","before","Lutjanus decussatus","<50",13,0,0,0,0,0,0,7
"ASH056","2016",18,"reef","before","Lutjanus decussatus","<50",14.6,0,0,0,0,0,0,2
"ASH056","2016",18,"reef","before","Lutjanus decussatus","<50",13,0,0,0,0,0,0,2
"ASH056","2016",18,"reef","before","Lutjanus decussatus","<50",9.2,0,0,0,0,0,0,1
"ASH056","2016",18,"reef","before","Lutjanus decussatus","<50",15,0.6,1.8,0,1,1,0,2
"ASH056","2016",18,"reef","before","Lutjanus decussatus","<50",4,0,0,0,0,0,0,2
"ASH056","2016",18,"reef","before","Lutjanus decussatus","<50",12.4,0,0,0,0,0,0,3
"ASH056","2016",18,"reef","before","Lutjanus decussatus","<50",37,0,0,0,0,0,0,3
"ASH056","2016",18,"reef","before","Lutjanus decussatus","<50",18.2,0,0,0,0,0,0,5
"ASH056","2016",18,"reef","before","Lutjanus decussatus","<50",33.2,0,0,0,0,0,0,5
"ASH056","2016",18,"reef","before","Lutjanus decussatus","<50",13.6,0,0,0,0,0,0,5
"ASH056","2016",18,"reef","before","Lethrinus microdon","50-100",7,0,0,0,0,0,0,3
"ASH056","2016",18,"reef","before","Lutjanus decussatus","<50",9,0,0,0,0,0,0,3
"ASH056","2016",18,"reef","before","Lutjanus decussatus","<50",7,0,0,0,0,0,0,3
"ASH056","2016",18,"reef","before","Lutjanus decussatus","<50",4.4,0,0,0,0,0,0,3
"ASH056","2016",18,"reef","before","Lutjanus decussatus","<50",9.8,0,0,0,0,0,0,1
"ASH056","2016",18,"reef","before","Lutjanus decussatus","<50",20.8,0,0,6.6,0,0,0,2
"ASH056","2016",18,"reef","before","Lutjanus decussatus","<50",15.8,0,0,0,0,0,0,2
"ASH056","2016",18,"reef","before","Lutjanus decussatus","<50",7.6,0,0,0,0,0,0,4
"ASH056","2016",18,"reef","before","Lutjanus decussatus","<50",17.6,0,0,0,0,0,0,4
"ASH056","2016",18,"reef","before","Lutjanus decussatus","<50",8,0,0,0,0,0,0,4
"ASH056","2016",18,"reef","before","Lutjanus decussatus","<50",22.8,0,0,0,0,0,0,3
"ASH056","2016",18,"reef","before","Cephalopholis urodeta","<50",7.4,0,0,0,0,0,0,4
"ASH056","2016",18,"reef","before","Lutjanus decussatus","<50",19.2,0,0,0,0,0,0,6
"ASH056","2016",18,"reef","before","Lutjanus decussatus","<50",15.2,0,0,0,0,0,0,6
"ASH056","2016",18,"reef","before","Carangoides orthogrammus","50-100",6.8,0,0,0,0,0,0,6
"ASH056","2016",18,"reef","before","Carangoides orthogrammus","50-100",5.2,0,0,0,0,0,0,6
"ASH056","2016",18,"reef","before","Carangoides orthogrammus","50-100",2.6,0,0,0,0,0,0,5
"ASH056","2016",18,"reef","before","Gnathanodon speciosus",">100",6.4,0,0,0,0,0,0,4
"ASH056","2016",18,"reef","before","Lethrinus microdon","50-100",9.8,0,0,0,0,0,0,5
"ASH056","2016",18,"reef","before","Gnathanodon speciosus",">100",3.4,0,0,0,0,0,0,3
"ASH056","2016",18,"reef","before","Gnathanodon speciosus",">100",6.2,0,0,0,0,0,0,4
"ASH056","2016",18,"reef","before","Gnathanodon speciosus",">100",20.8,0,0,0,0,0,0,4
"ASH056","2016",18,"reef","before","Lutjanus decussatus","<50",6.6,0,0,0,0,0,0,4
"ASH056","2016",18,"reef","before","Lutjanus decussatus","<50",8,0,0,0,0,0,0,5
"ASH056","2016",18,"reef","before","Lutjanus decussatus","<50",9.2,0,0,0,0,0,0,5
"ASH056","2016",18,"reef","before","Gnathanodon speciosus",">100",4.8,0,0,0,0,0,0,5
"ASH056","2016",18,"reef","before","Gnathanodon speciosus",">100",4,0,0,0,0,0,0,5
"ASH056","2016",18,"reef","before","Gnathanodon speciosus",">100",3.8,0,0,0,0,0,0,4
"ASH056","2016",18,"reef","before","Gnathanodon speciosus",">100",5.8,0,0,0,0,0,0,4
"ASH056","2016",18,"reef","before","Gnathanodon speciosus",">100",3.8,0,0,0,0,0,0,4
"ASH056","2016",18,"reef","before","Lutjanus decussatus","<50",24.8,0,0,0,0,0,0,4
"ASH056","2016",18,"reef","before","Lutjanus decussatus","<50",5.4,0,0,0,0,0,0,2
"ASH056","2016",18,"reef","before","Lutjanus decussatus","<50",15.4,0,0,0,0,0,0,2
"ASH056","2016",18,"reef","before","Lutjanus decussatus","<50",6,0,0,0,0,0,0,2
"ASH056","2016",18,"reef","before","Lutjanus decussatus","<50",5,0,0,0,0,0,0,2
"ASH056","2016",18,"reef","before","Lutjanus decussatus","<50",3.4,0,0,0,0,0,0,2
"ASH017","2016",15.1,"reef","before","Variola albimarginata","50-100",14.8,0,0,0,0,0,0,4
"ASH017","2016",15.1,"reef","before","Variola albimarginata","50-100",8.6,0,0,0,0,0,0,4
"ASH017","2016",15.1,"reef","before","Lutjanus bohar","50-100",3.2,0,38.6,0,0,0,0,4
"ASH017","2016",15.1,"reef","before","Aprion virescens",">100",5.4,0,0,0,0,0,0,4
"ASH017","2016",15.1,"reef","before","Aprion virescens",">100",10.2,0,9.2,0,0,0,0,3
"ASH017","2016",15.1,"reef","before","Caranx melampygus",">100",5.2,0,0,0,0,0,0,3
"ASH017","2016",15.1,"reef","before","Lethrinus rubrioperculatus","<50",5,0,10.2,0,0,0,0,3
"ASH017","2016",15.1,"reef","before","Lethrinus rubrioperculatus","<50",19.4,0,0,0,0,0,0,2
"ASH017","2016",15.1,"reef","before","Lutjanus bohar","50-100",1.4,0,40.2,0,0,0,0,2
"ASH017","2016",15.1,"reef","before","Lethrinus rubrioperculatus","<50",7.2,0,34.6,0,0,0,0,2
"ASH017","2016",15.1,"reef","before","Caranx melampygus",">100",3.8,0,0,0,0,0,0,2
"ASH017","2016",15.1,"reef","before","Caranx melampygus",">100",8.6,0,0,6.8,0,0,0,2
"ASH017","2016",15.1,"reef","before","Lethrinus rubrioperculatus","<50",18.4,0,22.4,5.8,0,0,0,3
"ASH017","2016",15.1,"reef","before","Lethrinus rubrioperculatus","<50",57.4,0,0,0,0,0,0,5
"ASH017","2016",15.1,"reef","before","Lethrinus rubrioperculatus","<50",11.8,0,17.8,0,0,0,0,5
"ASH017","2016",15.1,"reef","before","Caranx melampygus",">100",6.6,0,0,2.4,0,0,0,4
"ASH017","2016",15.1,"reef","before","Caranx melampygus",">100",10,0,0,0,0,0,0,4
"ASH017","2016",15.1,"reef","before","Lethrinus rubrioperculatus","<50",13.4,0,0,0,0,0,0,5
"ASH017","2016",15.1,"reef","before","Caranx melampygus",">100",0.8,0,0,0,0,0,0,2
"ASH017","2016",15.1,"reef","before","Lethrinus rubrioperculatus","<50",3.4,0,0,0,0,0,0,2
"ASH017","2016",15.1,"reef","before","Caranx melampygus",">100",3,0,0,0,0,0,0,1
"ASH017","2016",15.1,"reef","before","Caranx melampygus",">100",16.2,0,0,0,0,0,0,4
"ASH017","2016",15.1,"reef","before","Caranx melampygus",">100",15.4,0,0,0,0,0,0,4
"ASH017","2016",15.1,"reef","before","Lethrinus rubrioperculatus","<50",3.4,0,21,18.2,0,0,0,3
"ASH017","2016",15.1,"reef","before","Caranx melampygus",">100",9,0,0,0,0,0,0,2
"ASH017","2016",15.1,"reef","before","Lethrinus rubrioperculatus","<50",6,0,0,0,0,0,0,2
"ASH017","2016",15.1,"reef","before","Lethrinus rubrioperculatus","<50",4.8,0,0,0,0,0,0,1
"ASH017","2016",15.1,"reef","before","Lethrinus rubrioperculatus","<50",4.8,0,0,0,0,0,0,3
"ASH017","2016",15.1,"reef","before","Lethrinus rubrioperculatus","<50",4.4,0,0,0,0,0,0,3
"ASH017","2016",15.1,"reef","before","Lethrinus rubrioperculatus","<50",2.6,0,5,0,0,0,0,3
"ASH017","2016",15.1,"reef","before","Lethrinus rubrioperculatus","<50",5.4,0,0,0,0,0,0,2
"ASH036","2016",7,"reef","before","Macolor sp","50-100",19.4,0,0,0,0,0,0,1
"ASH036","2016",7,"reef","before","Lethrinus atkinsoni","<50",13,0,0,0,0,0,0,2
"ASH036","2016",7,"reef","before","Caranx melampygus",">100",15.2,0,0,0,0,0,0,2
"ASH036","2016",7,"reef","before","Caranx melampygus",">100",11,0,0,0,0,0,0,16
"ASH036","2016",7,"reef","before","Lethrinus microdon","50-100",5,0,0,0,0,0,0,16
"ASH036","2016",7,"reef","before","Lutjanus bohar","50-100",11.4,0,0,0,0,0,0,16
"ASH036","2016",7,"reef","before","Lutjanus bohar","50-100",6,0,0,0,0,0,0,16
"ASH036","2016",7,"reef","before","Lethrinus microdon","50-100",7.2,0,0,0,0,0,0,16
"ASH036","2016",7,"reef","before","Lutjanus bohar","50-100",6.8,0,0,0,0,0,0,16
"ASH036","2016",7,"reef","before","Lutjanus bohar","50-100",4.2,0,0,0,0,0,0,16
"ASH036","2016",7,"reef","before","Lethrinus microdon","50-100",5.8,0,0,0,0,0,0,16
"ASH036","2016",7,"reef","before","Lethrinus microdon","50-100",7.8,0,0,0,0,0,0,16
"ASH036","2016",7,"reef","before","Lethrinus microdon","50-100",2.2,0,0,0,0,0,0,16
"ASH036","2016",7,"reef","before","Lethrinus microdon","50-100",3.4,0,0,0,0,0,0,16
"ASH036","2016",7,"reef","before","Lethrinus microdon","50-100",4.2,0,0,0,0,0,0,16
"ASH036","2016",7,"reef","before","Lethrinus microdon","50-100",13.2,0,0,0,0,0,0,16
"ASH036","2016",7,"reef","before","Lethrinus microdon","50-100",12.2,0,0,0,0,0,0,16
"ASH036","2016",7,"reef","before","Lethrinus microdon","50-100",5.8,0,0,0,0,0,0,16
"ASH036","2016",7,"reef","before","Lethrinus microdon","50-100",9.2,0,0,0,0,0,0,12
"ASH036","2016",7,"reef","before","Lethrinus microdon","50-100",6.4,0,0,0,0,0,0,12
"ASH036","2016",7,"reef","before","Lethrinus microdon","50-100",4.4,0,0,0,0,0,0,12
"ASH036","2016",7,"reef","before","Lethrinus microdon","50-100",4,0,0,0,0,0,0,12
"ASH036","2016",7,"reef","before","Lethrinus microdon","50-100",3.2,0,0,0,0,0,0,12
"ASH036","2016",7,"reef","before","Lethrinus microdon","50-100",7,0,0,0,0,0,0,12
"ASH036","2016",7,"reef","before","Lethrinus microdon","50-100",7.2,0,0,0,0,0,0,12
"ASH036","2016",7,"reef","before","Lutjanus bohar","50-100",10.4,0,0,0,0,0,0,12
"ASH036","2016",7,"reef","before","Lutjanus bohar","50-100",8.4,0,0,0,0,0,0,12
"ASH036","2016",7,"reef","before","Caranx melampygus",">100",5.8,0,0,0,0,0,0,16
"ASH036","2016",7,"reef","before","Caranx melampygus",">100",4.6,0,0,0,0,0,0,10
"ASH036","2016",7,"reef","before","Caranx melampygus",">100",1.8,0,0,0,0,0,0,8
"ASH036","2016",7,"reef","before","Lethrinus microdon","50-100",15,0,0,0,0,0,0,5
"ASH036","2016",7,"reef","before","Lethrinus microdon","50-100",5.4,0,0,0,0,0,0,5
"ASH036","2016",7,"reef","before","Lethrinus microdon","50-100",6.8,0,0,0,0,0,0,5
"ASH036","2016",7,"reef","before","Lutjanus bohar","50-100",5.6,0,0,0,0,0,0,5
"ASH036","2016",7,"reef","before","Lethrinus microdon","50-100",12.8,0,0,0,0,0,0,5
"ASH036","2016",7,"reef","before","Caranx melampygus",">100",4.8,0,0,0,0,0,0,3
"ASH036","2016",7,"reef","before","Cepahlopholis argus","50-100",11.4,0,0,0,0,0,0,4
"ASH036","2016",7,"reef","before","Lethrinus microdon","50-100",1.6,0,0,0,0,0,0,3
"ASH036","2016",7,"reef","before","Lethrinus microdon","50-100",6.6,0,0,0,0,0,0,3
"ASH036","2016",7,"reef","before","Lethrinus microdon","50-100",35.8,0,0,0,0,0,0,4
"ASH036","2016",7,"reef","before","Lethrinus microdon","50-100",8.6,0,0,0,0,0,0,4
"ASH036","2016",7,"reef","before","Lethrinus microdon","50-100",7.8,0,0,0,0,0,0,4
"ASH036","2016",7,"reef","before","Lethrinus microdon","50-100",5.2,0,0,0,0,0,0,3
"ASH036","2016",7,"reef","before","Lutjanus bohar","50-100",4,0,0,0,0,0,0,3
"ASH036","2016",7,"reef","before","Lethrinus microdon","50-100",6.2,0,0,0,0,0,0,3
"ASH036","2016",7,"reef","before","Lethrinus microdon","50-100",12.8,0,0,0,0,0,0,8
"ASH036","2016",7,"reef","before","Lutjanus bohar","50-100",2.4,0,0,0,0,0,0,3
"ASH036","2016",7,"reef","before","Lethrinus microdon","50-100",5,0,0,0,0,0,0,8
"ASH036","2016",7,"reef","before","Lethrinus microdon","50-100",8.2,0,0,0,0,0,0,8
"ASH036","2016",7,"reef","before","Lethrinus microdon","50-100",10.2,0,0,0,0,0,0,8
"ASH036","2016",7,"reef","before","Lethrinus microdon","50-100",7,0,0,0,0,0,0,8
"ASH036","2016",7,"reef","before","Lethrinus microdon","50-100",9.6,0,0,0,0,0,0,8
"ASH036","2016",7,"reef","before","Lethrinus microdon","50-100",6,0,0,0,0,0,0,8
"ASH036","2016",7,"reef","before","Lethrinus microdon","50-100",4.4,0,0,0,0,0,0,5
"ASH036","2016",7,"reef","before","Lethrinus microdon","50-100",9.2,0,0,0,0,0,0,7
"ASH036","2016",7,"reef","before","Lethrinus microdon","50-100",8.8,0,0,0,0,0,0,7
"ASH036","2016",7,"reef","before","Lutjanus bohar","50-100",1.2,0,0,0,0,0,0,7
"ASH036","2016",7,"reef","before","Lethrinus microdon","50-100",2.2,0,0,0,0,0,0,7
"ASH036","2016",7,"reef","before","Lethrinus microdon","50-100",4,0,0,0,0,0,0,7
"ASH036","2016",7,"reef","before","Lethrinus microdon","50-100",5,0,0,0,0,0,0,4
"ASH036","2016",7,"reef","before","Lethrinus microdon","50-100",5.4,0,0,0,0,0,0,4
"ASH036","2016",7,"reef","before","Lethrinus microdon","50-100",5.4,0,0,0,0,0,0,6
"ASH036","2016",7,"reef","before","Lethrinus microdon","50-100",7,0,0,0,0,0,0,5
"ASH036","2016",7,"reef","before","Lethrinus microdon","50-100",5.6,0,0,0,0,0,0,5
"ASH036","2016",7,"reef","before","Lethrinus microdon","50-100",5.6,0,0,0,0,0,0,5
"ASH036","2016",7,"reef","before","Lethrinus microdon","50-100",8.6,0,0,0,0,0,0,6
"ASH036","2016",7,"reef","before","Lethrinus microdon","50-100",6.6,0,0,0,0,0,0,6
"ASH036","2016",7,"reef","before","Lethrinus microdon","50-100",4.2,0,0,0,0,0,0,5
"ASH036","2016",7,"reef","before","Cepahlopholis argus","50-100",2.8,0,0,0,0,0,0,4
"ASH036","2016",7,"reef","before","Lethrinus microdon","50-100",6.8,0,0,0,0,0,0,4
"ASH036","2016",7,"reef","before","Lethrinus microdon","50-100",5,0,0,0,0,0,0,4
"ASH036","2016",7,"reef","before","Lethrinus microdon","50-100",11,0,0,0,0,0,0,4
"ASH036","2016",7,"reef","before","Lethrinus microdon","50-100",7.4,0,0,0,0,0,0,3
"ASH036","2016",7,"reef","before","Lethrinus microdon","50-100",4.4,0,0,0,0,0,0,4
"ASH036","2016",7,"reef","before","Lethrinus microdon","50-100",5.2,0,0,0,0,0,0,4
"ASH036","2016",7,"reef","before","Lutjanus bohar","50-100",1.8,0,0,0,0,0,0,4
"ASH036","2016",7,"reef","before","Lethrinus microdon","50-100",2.2,0,0,0,0,0,0,4
"ASH036","2016",7,"reef","before","Lethrinus microdon","50-100",5.2,0,0,0,0,0,0,4
"ASH036","2016",7,"reef","before","Lutjanus bohar","50-100",5.2,0,0,0,0,0,0,4
"ASH036","2016",7,"reef","before","Lutjanus bohar","50-100",7.4,0,0,0,0,0,0,4
"ASH036","2016",7,"reef","before","Lutjanus bohar","50-100",6.4,0,0,0,0,0,0,3
"ASH036","2016",7,"reef","before","Lutjanus bohar","50-100",12.6,0,0,0,0,0,0,3
"ASH036","2016",7,"reef","before","Lutjanus bohar","50-100",4,0,0,0,0,0,0,3
"ASH036","2016",7,"reef","before","Caranx melampygus",">100",2.8,0,0,0,0,0,0,3
"ASH036","2016",7,"reef","before","Cepahlopholis argus","50-100",4.6,0,0.6,0,0,0,0,5
"ASH036","2016",7,"reef","before","Cepahlopholis argus","<50",7.2,0,0,4.4,0,0,0,3
"ASH036","2016",7,"reef","before","Cepahlopholis argus","50-100",5.2,0,0,0,0,0,0,3
"ASH033","2016",25,"near reef","before","Lethrinus ravus","<50",9.2,6.6,77.4,15.6,22,7,0,2
"ASH033","2016",25,"near reef","before","Lethrinus ravus","<50",6,3,35,0,3,7,0,3
"ASH033","2016",25,"near reef","before","Lethrinus ravus","<50",12,0,0,5.6,0,0,0,3
"ASH033","2016",25,"near reef","before","Lethrinus ravus","<50",5.4,0,13.4,0,0,0,0,3
"ASH033","2016",25,"near reef","before","Lethrinus rubrioperculatus","<50",5,0,0,7,0,0,0,2
"ASH033","2016",25,"near reef","before","Lethrinus rubrioperculatus","<50",6,0,1.2,0,0,0,0,2
"ASH112","2016",25,"near reef","before","Aprion virescens",">100",0.4,0,0,20,0,0,0,4
"ASH112","2016",25,"near reef","before","Aprion virescens",">100",19.2,0,0,0,0,0,0,4
"ASH112","2016",25,"near reef","before","Lethrinus olivaceus x microdon","50-100",7.4,3.8,8.8,0,2,4,0,4
"ASH112","2016",25,"near reef","before","Lethrinus olivaceus x microdon","50-100",13.8,0,0,0,0,0,0,4
"ASH112","2016",25,"near reef","before","Lethrinus olivaceus x microdon","50-100",10.2,0,0,0,0,1,0,3
"ASH112","2016",25,"near reef","before","Gymnocranius grandoculis","50-100",10.8,0,3,0,0,0,0,1
"ASH112","2016",25,"near reef","before","Gymnocranius grandoculis","50-100",17.4,0,60,0,0,0,0,3
"ASH112","2016",25,"near reef","before","Lethrinus olivaceus x microdon","50-100",10.4,11,38.6,0,5,11,0,4
"ASH112","2016",25,"near reef","before","Lethrinus olivaceus x microdon","50-100",64.4,0,0,0,0,0,0,4
"ASH112","2016",25,"near reef","before","Lethrinus olivaceus x microdon","50-100",4.4,6,18.8,0,3,7,0,4
"ASH112","2016",25,"near reef","before","Aprion virescens",">100",45,0,0,0,0,0,0,4
"ASH112","2016",25,"near reef","before","Aprion virescens",">100",15.4,0,6.4,0,0,0,0,3
"ASH112","2016",25,"near reef","before","Aprion virescens",">100",22,0,0,0,0,0,0,3
"ASH112","2016",25,"near reef","before","Gymnocranius grandoculis","50-100",1.4,0,68.2,0,0,0,0,2
"ASH112","2016",25,"near reef","before","Lethrinus olivaceus x microdon","50-100",20.2,0,0,0,0,0,0,2
"ASH012","2016",26,"near reef","before","Gymnocranius grandoculis","50-100",1.4,0,4.8,0,0,0,0,4
"ASH012","2016",26,"near reef","before","Gymnocranius grandoculis","50-100",4.8,0,10.8,0,0,0,0,4
"ASH012","2016",26,"near reef","before","Gymnocranius grandoculis","50-100",1.4,0,3.4,0,0,0,0,4
"ASH012","2016",26,"near reef","before","Lethrinus rubrioperculatus","<50",16,0,0,0,0,0,0,4
"ASH012","2016",26,"near reef","before","Gymnocranius grandoculis","50-100",3.6,0,6,0,0,0,0,4
"ASH012","2016",26,"near reef","before","Lethrinus rubrioperculatus","<50",5.4,0,0,0,0,0,0,4
"ASH012","2016",26,"near reef","before","Gymnocranius grandoculis","50-100",1.2,0,5.4,0,0,0,0,2
"ASH012","2016",26,"near reef","before","Lethrinus rubrioperculatus","<50",1.6,0,2.4,0,0,0,0,2
"ASH012","2016",26,"near reef","before","Gymnocranius grandoculis","50-100",1.4,0,2.4,0,0,0,0,2
"ASH012","2016",26,"near reef","before","Gymnocranius grandoculis","50-100",3,0,3.8,0,0,0,0,1
"ASH012","2016",26,"near reef","before","Gymnocranius grandoculis","50-100",5.2,0,47.2,0,0,0,0,5
"ASH012","2016",26,"near reef","before","Lethrinus rubrioperculatus","<50",6.8,0,0,0,0,0,0,2
"ASH012","2016",26,"near reef","before","Lethrinus rubrioperculatus","<50",14,0,0,0,0,0,0,3
"ASH012","2016",26,"near reef","before","Lethrinus rubrioperculatus","<50",4.8,0,2.8,0,0,0,0,3
"ASH012","2016",26,"near reef","before","Gymnocranius grandoculis","50-100",1.6,0,3.6,0,0,0,0,3
"ASH012","2016",26,"near reef","before","Gymnocranius grandoculis","50-100",0.8,0,24.2,0,0,0,0,5
"ASH012","2016",26,"near reef","before","Gymnocranius grandoculis","50-100",0,0,11.8,0,0,0,0,5
"ASH012","2016",26,"near reef","before","Gymnocranius grandoculis","50-100",3,0,5.4,0,0,0,0,5
"ASH012","2016",26,"near reef","before","Lethrinus rubrioperculatus","<50",0.8,0,3.8,0,0,0,0,5
"ASH012","2016",26,"near reef","before","Lethrinus rubrioperculatus","<50",14.4,0,0,0,0,0,0,2
"ASH012","2016",26,"near reef","before","Gymnocranius grandoculis","50-100",4.8,1.4,0,0,0,0,0,2
"ASH012","2016",26,"near reef","before","Gymnocranius grandoculis","50-100",0,0,6.6,0,0,0,0,2
"ASH012","2016",26,"near reef","before","Lethrinus rubrioperculatus","<50",2.8,0,0.6,0,0,0,0,2
"ASH012","2016",26,"near reef","before","Lethrinus rubrioperculatus","<50",2,0,1.4,0,0,0,0,2
"ASH012","2016",26,"near reef","before","Gymnocranius grandoculis","50-100",4.2,0,31,0,0,0,0,3
"ASH012","2016",26,"near reef","before","Lethrinus rubrioperculatus","<50",2.4,0,0,0,0,0,0,3
"ASH012","2016",26,"near reef","before","Gymnocranius grandoculis","50-100",10.2,0,0,0,0,0,0,3
"ASH012","2016",26,"near reef","before","Gymnocranius grandoculis","50-100",4.6,0,6.2,0,0,0,0,3
"ASH012","2016",26,"near reef","before","Lethrinus rubrioperculatus","<50",12.8,0,0,0,0,0,0,4
"ASH012","2016",26,"near reef","before","Lethrinus rubrioperculatus","<50",8,0,0,0,0,0,0,4
"ASH012","2016",26,"near reef","before","Gymnocranius grandoculis","50-100",5.4,0,0,0,0,0,0,1
"ASH012","2016",26,"near reef","before","Caranx melampygus",">100",2,0,0,0,0,0,0,1
"ASH064","2016",7.9,"reef","before","Epinephelus fuscoguttatus",">100",28.2,0,0,0,0,0,0,3
"ASH064","2016",7.9,"reef","before","Lutjanus decussatus","<50",2.9,0,0,0,0,0,0,3
"ASH064","2016",7.9,"reef","before","Lutjanus decussatus","<50",2.6,0,0,0,0,0,0,3
"ASH064","2016",7.9,"reef","before","Lutjanus decussatus","<50",6.2,0,0,0,0,0,0,3
"ASH064","2016",7.9,"reef","before","Lutjanus decussatus","<50",7.8,0,0,0,0,0,0,3
"ASH064","2016",7.9,"reef","before","Lutjanus decussatus","<50",13.8,0,0,0,0,0,0,4
"ASH064","2016",7.9,"reef","before","Lutjanus decussatus","<50",7.6,0,0,0,0,0,0,4
"ASH064","2016",7.9,"reef","before","Epinephelus fuscoguttatus",">100",13.6,0,16.6,0,0,0,0,4
"ASH064","2016",7.9,"reef","before","Lutjanus decussatus","<50",6,0,0,0,0,0,0,2
"ASH064","2016",7.9,"reef","before","Lutjanus decussatus","<50",3.8,0,0,0,0,0,0,3
"ASH064","2016",7.9,"reef","before","Lutjanus decussatus","<50",6,0,0,0,0,0,0,3
"ASH064","2016",7.9,"reef","before","Lutjanus decussatus","<50",2.2,0,0,0,0,0,0,2
"ASH064","2016",7.9,"reef","before","Lutjanus decussatus","<50",9.8,0,0,0,0,0,0,2
"ASH064","2016",7.9,"reef","before","Lutjanus decussatus","<50",4.4,0,0,0,0,0,0,2
"ASH064","2016",7.9,"reef","before","Lutjanus decussatus","<50",3.4,0,0,0,0,0,0,2
"ASH064","2016",7.9,"reef","before","Lutjanus decussatus","<50",5.8,0,0,0,0,0,0,4
"ASH064","2016",7.9,"reef","before","Lutjanus decussatus","<50",12.8,0,0,0,0,0,0,4
"ASH064","2016",7.9,"reef","before","Lethrinus olivaceus","50-100",7.4,0,0,0,0,0,0,4
"ASH064","2016",7.9,"reef","before","Lutjanus decussatus","<50",3.6,0,0,0,0,0,0,2
"ASH064","2016",7.9,"reef","before","Epinephelus fuscoguttatus",">100",13.4,0,3.2,10.6,0,0,0,4
"ASH064","2016",7.9,"reef","before","Lutjanus decussatus","<50",6.8,0,0,0,0,0,0,2
"ASH064","2016",7.9,"reef","before","Lethrinus olivaceus","50-100",9.4,0,0,0,0,0,0,4
"ASH064","2016",7.9,"reef","before","Lutjanus decussatus","<50",4.2,0,0,3.4,0,0,0,4
"ASH064","2016",7.9,"reef","before","Lutjanus decussatus","<50",7,0,0,0,0,0,0,4
"ASH064","2016",7.9,"reef","before","Lutjanus bohar","50-100",12.4,0,0,2.2,0,0,0,4
"ASH064","2016",7.9,"reef","before","Lutjanus bohar","50-100",10,0,0,0,0,0,0,4
"ASH064","2016",7.9,"reef","before","Lutjanus decussatus","<50",10.2,0,0,5.6,0,0,0,4
"ASH064","2016",7.9,"reef","before","Lutjanus decussatus","<50",8.8,0,0,0,0,0,0,4
"ASH064","2016",7.9,"reef","before","Lutjanus bohar","50-100",11.4,0,0,0,0,0,0,4
"ASH064","2016",7.9,"reef","before","Epinephelus fuscoguttatus",">100",34.2,0,0,0,0,0,0,4
"ASH064","2016",7.9,"reef","before","Lethrinus olivaceus","50-100",9.8,0,0,0,0,0,0,4
"ASH064","2016",7.9,"reef","before","Lutjanus decussatus","<50",16,0,0,0,0,0,0,4
"ASH064","2016",7.9,"reef","before","Lutjanus decussatus","<50",9.6,0,0,14,0,0,0,6
"ASH064","2016",7.9,"reef","before","Lutjanus decussatus","<50",8.4,0,0,16.8,0,0,0,6
"ASH064","2016",7.9,"reef","before","Lutjanus decussatus","<50",13,0,0,0,0,0,0,6
"ASH064","2016",7.9,"reef","before","Epinephelus fuscoguttatus",">100",4.2,0,0,0,0,0,0,6
"ASH064","2016",7.9,"reef","before","Epinephelus fuscoguttatus",">100",50.6,37.8,0,0,0,0,0,4
"ASH064","2016",7.9,"reef","before","Lutjanus bohar","50-100",1.4,0,0,0,0,0,0,4
"ASH064","2016",7.9,"reef","before","Lutjanus decussatus","<50",6.6,0,0,0,0,0,0,4
"ASH064","2016",7.9,"reef","before","Lutjanus decussatus","<50",7,0,0,0,0,0,0,2
"ASH064","2016",7.9,"reef","before","Lutjanus decussatus","<50",0.6,0,0,0,0,0,0,2
"ASH064","2016",7.9,"reef","before","Lutjanus bohar","50-100",7.8,0,0,0,0,0,0,3
"ASH064","2016",7.9,"reef","before","Lutjanus decussatus","<50",9.2,0,0,0,0,0,0,3
"ASH064","2016",7.9,"reef","before","Lutjanus decussatus","<50",4.6,0,0,0,0,0,0,5
"ASH064","2016",7.9,"reef","before","Lutjanus decussatus","<50",4.2,0,0,0,0,0,0,5
"ASH064","2016",7.9,"reef","before","Lethrinus olivaceus","50-100",7.8,0,0,0,0,0,0,5
"ASH064","2016",7.9,"reef","before","Lutjanus decussatus","<50",3.4,0,0,0,0,0,0,5
"ASH064","2016",7.9,"reef","before","Lutjanus decussatus","<50",4.2,0,0,0,0,0,0,5
"ASH064","2016",7.9,"reef","before","Lutjanus decussatus","<50",11.2,0,0,0,0,0,0,6
"ASH064","2016",7.9,"reef","before","Lutjanus bohar","50-100",2.4,0,0,0,0,0,0,6
"ASH064","2016",7.9,"reef","before","Lutjanus decussatus","<50",8,0,0,0,0,0,0,6
"ASH064","2016",7.9,"reef","before","Lutjanus decussatus","<50",7,0,0,0,0,0,0,6
"ASH064","2016",7.9,"reef","before","Lethrinus olivaceus","50-100",10.8,0,0,0,0,0,0,5
"ASH064","2016",7.9,"reef","before","Lutjanus decussatus","<50",13.1,0,0,0,0,0,0,2
"ASH006","2016",38,"near reef","before","Lethrinus olivaceus","50-100",8.4,0,0,0,0,0,0,2
"ASH006","2016",38,"near reef","before","Lethrinus amboinensis","50-100",2.8,0,0,0,0,0,0,2
"ASH006","2016",38,"near reef","before","Lethrinus amboinensis","50-100",8.4,0,0,0,0,0,0,3
"ASH006","2016",38,"near reef","before","Lethrinus olivaceus","50-100",13.4,0,0,0,0,0,0,1
"ASH006","2016",38,"near reef","before","Lethrinus olivaceus","50-100",10.2,0,0,0,0,0,0,1
"ASH006","2016",38,"near reef","before","Lethrinus olivaceus","50-100",11.8,0,0,0,0,0,0,3
"ASH006","2016",38,"near reef","before","Lethrinus olivaceus","50-100",6,0,0,0,0,0,0,2
"ASH006","2016",38,"near reef","before","Gymnocranois sp","50-100",4,0,0,0,0,0,0,2
"ASH006","2016",38,"near reef","before","Gymnocranois sp","50-100",1.2,0,0,0,0,0,0,3
"ASH006","2016",38,"near reef","before","Lethrinus olivaceus","50-100",7.4,0,0,0,0,0,0,3
